day,timestamp,symbol,trades,traded_qty,signed_qty,buy_trades,sell_trades,neutral_trades,unknown_trades,net_buy_ratio
-2,900,TOMATOES,1,2,2,1,0,0,0,1.0
-2,1700,TOMATOES,1,3,3,1,0,0,0,1.0
-2,4000,EMERALDS,1,7,7,1,0,0,0,1.0
-2,4100,TOMATOES,1,3,3,1,0,0,0,1.0
-2,5200,EMERALDS,1,5,-5,0,1,0,0,-1.0
-2,6700,TOMATOES,1,5,-5,0,1,0,0,-1.0
-2,7100,TOMATOES,1,3,3,1,0,0,0,1.0
-2,10500,EMERALDS,1,5,5,1,0,0,0,1.0
-2,11200,TOMATOES,1,4,-4,0,1,0,0,-1.0
-2,11300,EMERALDS,1,3,-3,0,1,0,0,-1.0
-2,12700,TOMATOES,1,2,2,1,0,0,0,1.0
-2,13600,TOMATOES,1,2,-2,0,1,0,0,-1.0
-2,14100,TOMATOES,1,2,2,1,0,0,0,1.0
-2,17100,TOMATOES,1,4,-4,0,1,0,0,-1.0
-2,17800,TOMATOES,1,5,-5,0,1,0,0,-1.0
-2,18000,TOMATOES,1,3,-3,0,1,0,0,-1.0
-2,22800,EMERALDS,1,6,-6,0,1,0,0,-1.0
-2,24000,TOMATOES,1,5,5,1,0,0,0,1.0
-2,27300,TOMATOES,1,5,-5,0,1,0,0,-1.0
-2,32700,TOMATOES,1,3,3,1,0,0,0,1.0
-2,35600,EMERALDS,1,5,-5,0,1,0,0,-1.0
-2,38300,EMERALDS,1,4,4,1,0,0,0,1.0
-2,38800,EMERALDS,1,6,-6,0,1,0,0,-1.0
-2,39000,TOMATOES,1,5,5,1,0,0,0,1.0
-2,41700,TOMATOES,1,2,-2,0,1,0,0,-1.0
-2,42100,EMERALDS,1,8,8,1,0,0,0,1.0
-2,43200,TOMATOES,1,3,-3,0,1,0,0,-1.0
-2,45700,EMERALDS,1,4,4,1,0,0,0,1.0
-2,47000,EMERALDS,1,4,4,1,0,0,0,1.0
-2,51500,TOMATOES,1,2,-2,0,1,0,0,-1.0
-2,53500,EMERALDS,1,6,-6,0,1,0,0,-1.0
-2,62900,EMERALDS,1,5,5,1,0,0,0,1.0
-2,65000,TOMATOES,1,5,5,1,0,0,0,1.0
-2,65500,EMERALDS,1,5,-5,0,1,0,0,-1.0
-2,67000,TOMATOES,1,5,5,1,0,0,0,1.0
-2,68300,TOMATOES,1,2,2,1,0,0,0,1.0
-2,68700,TOMATOES,1,4,4,1,0,0,0,1.0
-2,69000,TOMATOES,1,5,-5,0,1,0,0,-1.0
-2,73400,TOMATOES,1,5,5,1,0,0,0,1.0
-2,84300,EMERALDS,1,8,-8,0,1,0,0,-1.0
-2,91000,EMERALDS,1,3,3,1,0,0,0,1.0
-2,92800,EMERALDS,1,6,-6,0,1,0,0,-1.0
-2,93000,TOMATOES,1,5,-5,0,1,0,0,-1.0
-2,93300,TOMATOES,1,3,-3,0,1,0,0,-1.0
-2,98800,TOMATOES,1,3,3,1,0,0,0,1.0
-2,99600,TOMATOES,1,4,4,1,0,0,0,1.0
-2,103000,TOMATOES,1,3,-3,0,1,0,0,-1.0
-2,104300,EMERALDS,1,6,6,1,0,0,0,1.0
-2,104600,TOMATOES,1,3,-3,0,1,0,0,-1.0
-2,111900,EMERALDS,1,7,-7,0,1,0,0,-1.0
-2,112000,TOMATOES,1,5,-5,0,1,0,0,-1.0
-2,114400,TOMATOES,1,2,-2,0,1,0,0,-1.0
-2,115300,TOMATOES,1,4,-4,0,1,0,0,-1.0
-2,115500,TOMATOES,1,3,3,1,0,0,0,1.0
-2,116900,TOMATOES,1,3,3,1,0,0,0,1.0
-2,117800,TOMATOES,1,3,3,1,0,0,0,1.0
-2,119100,TOMATOES,1,5,5,1,0,0,0,1.0
-2,120700,EMERALDS,1,8,-8,0,1,0,0,-1.0
-2,120700,TOMATOES,1,2,2,1,0,0,0,1.0
-2,121200,TOMATOES,1,5,-5,0,1,0,0,-1.0
-2,121800,TOMATOES,1,4,4,1,0,0,0,1.0
-2,122400,TOMATOES,1,5,5,1,0,0,0,1.0
-2,123000,EMERALDS,1,8,-8,0,1,0,0,-1.0
-2,125300,TOMATOES,1,4,-4,0,1,0,0,-1.0
-2,125900,EMERALDS,1,4,-4,0,1,0,0,-1.0
-2,127200,EMERALDS,1,7,7,1,0,0,0,1.0
-2,127400,TOMATOES,1,2,-2,0,1,0,0,-1.0
-2,129700,EMERALDS,1,3,-3,0,1,0,0,-1.0
-2,131400,TOMATOES,1,2,2,1,0,0,0,1.0
-2,131900,TOMATOES,1,2,2,1,0,0,0,1.0
-2,132600,EMERALDS,1,5,5,1,0,0,0,1.0
-2,133800,TOMATOES,1,2,2,1,0,0,0,1.0
-2,137000,TOMATOES,1,4,-4,0,1,0,0,-1.0
-2,139800,TOMATOES,1,3,3,1,0,0,0,1.0
-2,140400,EMERALDS,1,8,8,1,0,0,0,1.0
-2,140600,EMERALDS,1,5,-5,0,1,0,0,-1.0
-2,143400,TOMATOES,1,2,-2,0,1,0,0,-1.0
-2,143800,EMERALDS,1,5,5,1,0,0,0,1.0
-2,147200,TOMATOES,1,4,4,1,0,0,0,1.0
-2,147600,TOMATOES,1,4,4,1,0,0,0,1.0
-2,149200,EMERALDS,1,8,-8,0,1,0,0,-1.0
-2,153300,TOMATOES,1,3,-3,0,1,0,0,-1.0
-2,156400,EMERALDS,1,6,-6,0,1,0,0,-1.0
-2,157200,TOMATOES,1,3,3,1,0,0,0,1.0
-2,158700,TOMATOES,1,2,-2,0,1,0,0,-1.0
-2,159600,EMERALDS,1,8,-8,0,1,0,0,-1.0
-2,159700,EMERALDS,1,8,8,1,0,0,0,1.0
-2,159900,EMERALDS,1,8,8,1,0,0,0,1.0
-2,164000,EMERALDS,1,3,-3,0,1,0,0,-1.0
-2,164200,TOMATOES,1,5,-5,0,1,0,0,-1.0
-2,165500,TOMATOES,1,3,-3,0,1,0,0,-1.0
-2,165700,TOMATOES,1,3,-3,0,1,0,0,-1.0
-2,167200,TOMATOES,1,2,-2,0,1,0,0,-1.0
-2,168900,TOMATOES,1,2,2,1,0,0,0,1.0
-2,174400,TOMATOES,1,5,-5,0,1,0,0,-1.0
-2,175800,TOMATOES,1,5,5,1,0,0,0,1.0
-2,177100,TOMATOES,1,3,-3,0,1,0,0,-1.0
-2,178600,EMERALDS,1,5,-5,0,1,0,0,-1.0
-2,179200,TOMATOES,1,2,2,1,0,0,0,1.0
-2,179400,TOMATOES,1,2,2,1,0,0,0,1.0
-2,182800,TOMATOES,1,5,5,1,0,0,0,1.0
-2,183100,TOMATOES,1,2,-2,0,1,0,0,-1.0
-2,183700,TOMATOES,1,4,-4,0,1,0,0,-1.0
-2,183900,TOMATOES,1,2,2,1,0,0,0,1.0
-2,184800,TOMATOES,1,2,2,1,0,0,0,1.0
-2,185200,TOMATOES,1,4,-4,0,1,0,0,-1.0
-2,187600,TOMATOES,1,4,-4,0,1,0,0,-1.0
-2,188000,TOMATOES,1,3,3,1,0,0,0,1.0
-2,191400,TOMATOES,1,5,5,1,0,0,0,1.0
-2,192400,TOMATOES,1,5,-5,0,1,0,0,-1.0
-2,192900,EMERALDS,1,8,8,1,0,0,0,1.0
-2,193400,TOMATOES,1,2,2,1,0,0,0,1.0
-2,193500,TOMATOES,1,3,-3,0,1,0,0,-1.0
-2,193700,EMERALDS,1,5,-5,0,1,0,0,-1.0
-2,194100,EMERALDS,1,5,-5,0,1,0,0,-1.0
-2,197100,TOMATOES,1,3,-3,0,1,0,0,-1.0
-2,202400,TOMATOES,1,5,-5,0,1,0,0,-1.0
-2,203900,TOMATOES,1,5,5,1,0,0,0,1.0
-2,204100,TOMATOES,1,3,3,1,0,0,0,1.0
-2,207600,EMERALDS,1,3,3,1,0,0,0,1.0
-2,209300,EMERALDS,1,3,3,1,0,0,0,1.0
-2,209300,TOMATOES,1,4,-4,0,1,0,0,-1.0
-2,209600,TOMATOES,1,2,-2,0,1,0,0,-1.0
-2,209900,EMERALDS,1,8,-8,0,1,0,0,-1.0
-2,210200,TOMATOES,1,4,-4,0,1,0,0,-1.0
-2,211000,TOMATOES,1,4,-4,0,1,0,0,-1.0
-2,211800,TOMATOES,1,2,2,1,0,0,0,1.0
-2,211900,EMERALDS,1,6,-6,0,1,0,0,-1.0
-2,211900,TOMATOES,1,4,-4,0,1,0,0,-1.0
-2,215200,EMERALDS,1,7,-7,0,1,0,0,-1.0
-2,217300,EMERALDS,1,3,-3,0,1,0,0,-1.0
-2,217700,TOMATOES,1,3,3,1,0,0,0,1.0
-2,218700,TOMATOES,1,4,-4,0,1,0,0,-1.0
-2,225900,TOMATOES,1,3,3,1,0,0,0,1.0
-2,232400,EMERALDS,1,5,-5,0,1,0,0,-1.0
-2,233400,TOMATOES,1,2,2,1,0,0,0,1.0
-2,233500,TOMATOES,1,2,-2,0,1,0,0,-1.0
-2,233700,TOMATOES,1,4,-4,0,1,0,0,-1.0
-2,235100,TOMATOES,1,5,-5,0,1,0,0,-1.0
-2,236900,EMERALDS,1,6,-6,0,1,0,0,-1.0
-2,243000,TOMATOES,1,3,-3,0,1,0,0,-1.0
-2,244200,EMERALDS,1,3,-3,0,1,0,0,-1.0
-2,245500,TOMATOES,1,5,5,1,0,0,0,1.0
-2,247400,TOMATOES,1,4,-4,0,1,0,0,-1.0
-2,250200,TOMATOES,1,3,-3,0,1,0,0,-1.0
-2,255300,EMERALDS,1,6,-6,0,1,0,0,-1.0
-2,255800,TOMATOES,1,3,-3,0,1,0,0,-1.0
-2,257600,TOMATOES,1,2,-2,0,1,0,0,-1.0
-2,258100,TOMATOES,1,3,3,1,0,0,0,1.0
-2,258200,TOMATOES,1,4,4,1,0,0,0,1.0
-2,259000,TOMATOES,1,3,3,1,0,0,0,1.0
-2,259700,TOMATOES,1,2,-2,0,1,0,0,-1.0
-2,259900,TOMATOES,1,3,3,1,0,0,0,1.0
-2,260200,TOMATOES,1,3,-3,0,1,0,0,-1.0
-2,260800,TOMATOES,1,4,-4,0,1,0,0,-1.0
-2,261400,EMERALDS,1,3,3,1,0,0,0,1.0
-2,263300,EMERALDS,1,3,-3,0,1,0,0,-1.0
-2,263400,TOMATOES,1,2,2,1,0,0,0,1.0
-2,263500,TOMATOES,1,3,-3,0,1,0,0,-1.0
-2,264200,EMERALDS,1,3,-3,0,1,0,0,-1.0
-2,271100,EMERALDS,1,3,3,1,0,0,0,1.0
-2,272600,TOMATOES,1,4,4,1,0,0,0,1.0
-2,273100,EMERALDS,1,6,-6,0,1,0,0,-1.0
-2,274200,TOMATOES,1,2,2,1,0,0,0,1.0
-2,275200,TOMATOES,1,2,2,1,0,0,0,1.0
-2,275500,TOMATOES,1,2,2,1,0,0,0,1.0
-2,276900,TOMATOES,1,4,-4,0,1,0,0,-1.0
-2,277700,EMERALDS,1,5,-5,0,1,0,0,-1.0
-2,278500,EMERALDS,1,5,5,1,0,0,0,1.0
-2,280900,TOMATOES,1,4,-4,0,1,0,0,-1.0
-2,281200,TOMATOES,1,5,5,1,0,0,0,1.0
-2,282200,TOMATOES,1,4,4,1,0,0,0,1.0
-2,283400,TOMATOES,1,5,-5,0,1,0,0,-1.0
-2,286300,TOMATOES,1,2,-2,0,1,0,0,-1.0
-2,289600,EMERALDS,1,4,4,1,0,0,0,1.0
-2,289600,TOMATOES,1,3,-3,0,1,0,0,-1.0
-2,292200,TOMATOES,1,5,5,1,0,0,0,1.0
-2,298300,TOMATOES,1,3,3,1,0,0,0,1.0
-2,298800,EMERALDS,1,5,5,1,0,0,0,1.0
-2,302300,EMERALDS,1,5,5,1,0,0,0,1.0
-2,305800,EMERALDS,1,7,7,1,0,0,0,1.0
-2,307300,TOMATOES,1,4,-4,0,1,0,0,-1.0
-2,307700,EMERALDS,1,4,4,1,0,0,0,1.0
-2,308300,EMERALDS,1,5,-5,0,1,0,0,-1.0
-2,308400,EMERALDS,1,6,6,1,0,0,0,1.0
-2,308500,EMERALDS,1,4,-4,0,1,0,0,-1.0
-2,311300,TOMATOES,1,3,-3,0,1,0,0,-1.0
-2,311600,TOMATOES,1,4,-4,0,1,0,0,-1.0
-2,313700,TOMATOES,1,4,4,1,0,0,0,1.0
-2,316800,TOMATOES,1,4,4,1,0,0,0,1.0
-2,322400,TOMATOES,1,5,5,1,0,0,0,1.0
-2,322500,TOMATOES,1,3,-3,0,1,0,0,-1.0
-2,324200,EMERALDS,1,4,-4,0,1,0,0,-1.0
-2,324400,EMERALDS,1,4,4,1,0,0,0,1.0
-2,324600,EMERALDS,1,6,6,1,0,0,0,1.0
-2,325400,EMERALDS,1,4,-4,0,1,0,0,-1.0
-2,330500,TOMATOES,1,3,-3,0,1,0,0,-1.0
-2,331600,EMERALDS,1,6,-6,0,1,0,0,-1.0
-2,332500,EMERALDS,1,4,-4,0,1,0,0,-1.0
-2,332500,TOMATOES,1,4,-4,0,1,0,0,-1.0
-2,332600,TOMATOES,1,4,4,1,0,0,0,1.0
-2,334400,TOMATOES,1,3,3,1,0,0,0,1.0
-2,335100,TOMATOES,1,5,5,1,0,0,0,1.0
-2,335500,EMERALDS,1,4,4,1,0,0,0,1.0
-2,337000,TOMATOES,1,4,4,1,0,0,0,1.0
-2,340000,TOMATOES,1,4,-4,0,1,0,0,-1.0
-2,342000,TOMATOES,1,2,-2,0,1,0,0,-1.0
-2,345300,EMERALDS,1,5,-5,0,1,0,0,-1.0
-2,345400,TOMATOES,1,5,5,1,0,0,0,1.0
-2,349400,TOMATOES,1,3,-3,0,1,0,0,-1.0
-2,350400,EMERALDS,1,3,-3,0,1,0,0,-1.0
-2,351100,TOMATOES,1,5,-5,0,1,0,0,-1.0
-2,355700,EMERALDS,1,8,-8,0,1,0,0,-1.0
-2,356100,TOMATOES,1,2,2,1,0,0,0,1.0
-2,357700,TOMATOES,1,5,-5,0,1,0,0,-1.0
-2,359800,TOMATOES,1,4,-4,0,1,0,0,-1.0
-2,363300,EMERALDS,1,6,6,1,0,0,0,1.0
-2,367500,TOMATOES,1,5,-5,0,1,0,0,-1.0
-2,368900,TOMATOES,1,3,-3,0,1,0,0,-1.0
-2,370300,TOMATOES,1,5,5,1,0,0,0,1.0
-2,372000,TOMATOES,1,2,-2,0,1,0,0,-1.0
-2,375700,TOMATOES,1,5,-5,0,1,0,0,-1.0
-2,376600,EMERALDS,1,5,5,1,0,0,0,1.0
-2,376700,TOMATOES,1,2,-2,0,1,0,0,-1.0
-2,380500,TOMATOES,1,2,-2,0,1,0,0,-1.0
-2,382300,TOMATOES,1,5,-5,0,1,0,0,-1.0
-2,382700,TOMATOES,1,4,4,1,0,0,0,1.0
-2,384000,TOMATOES,1,4,4,1,0,0,0,1.0
-2,386800,TOMATOES,1,5,5,1,0,0,0,1.0
-2,390300,TOMATOES,1,5,5,1,0,0,0,1.0
-2,392600,EMERALDS,1,6,-6,0,1,0,0,-1.0
-2,394300,TOMATOES,1,3,3,1,0,0,0,1.0
-2,396600,EMERALDS,1,7,-7,0,1,0,0,-1.0
-2,397900,TOMATOES,1,2,2,1,0,0,0,1.0
-2,398700,EMERALDS,1,8,8,1,0,0,0,1.0
-2,402300,EMERALDS,1,6,6,1,0,0,0,1.0
-2,404400,TOMATOES,1,5,5,1,0,0,0,1.0
-2,404800,EMERALDS,1,5,5,1,0,0,0,1.0
-2,408800,EMERALDS,1,7,7,1,0,0,0,1.0
-2,411200,TOMATOES,1,2,2,1,0,0,0,1.0
-2,413000,EMERALDS,1,4,4,1,0,0,0,1.0
-2,413600,EMERALDS,1,8,-8,0,1,0,0,-1.0
-2,413900,TOMATOES,1,2,-2,0,1,0,0,-1.0
-2,414000,EMERALDS,1,7,-7,0,1,0,0,-1.0
-2,415800,TOMATOES,1,5,5,1,0,0,0,1.0
-2,417900,TOMATOES,1,4,-4,0,1,0,0,-1.0
-2,419700,EMERALDS,1,4,-4,0,1,0,0,-1.0
-2,420800,EMERALDS,1,7,-7,0,1,0,0,-1.0
-2,422300,TOMATOES,1,4,4,1,0,0,0,1.0
-2,426300,TOMATOES,1,2,-2,0,1,0,0,-1.0
-2,427500,TOMATOES,1,5,5,1,0,0,0,1.0
-2,428600,TOMATOES,1,5,5,1,0,0,0,1.0
-2,429100,EMERALDS,1,8,8,1,0,0,0,1.0
-2,429500,TOMATOES,1,3,-3,0,1,0,0,-1.0
-2,431000,TOMATOES,1,3,3,1,0,0,0,1.0
-2,431500,TOMATOES,1,2,2,1,0,0,0,1.0
-2,431900,TOMATOES,1,4,-4,0,1,0,0,-1.0
-2,432700,TOMATOES,1,3,-3,0,1,0,0,-1.0
-2,432900,TOMATOES,1,5,5,1,0,0,0,1.0
-2,434900,TOMATOES,1,3,-3,0,1,0,0,-1.0
-2,435100,TOMATOES,1,4,4,1,0,0,0,1.0
-2,436600,EMERALDS,1,4,4,1,0,0,0,1.0
-2,437300,TOMATOES,1,4,-4,0,1,0,0,-1.0
-2,442000,TOMATOES,1,2,-2,0,1,0,0,-1.0
-2,443900,TOMATOES,1,2,2,1,0,0,0,1.0
-2,445800,TOMATOES,1,5,-5,0,1,0,0,-1.0
-2,450300,TOMATOES,1,3,-3,0,1,0,0,-1.0
-2,452300,TOMATOES,1,2,-2,0,1,0,0,-1.0
-2,452400,TOMATOES,1,5,5,1,0,0,0,1.0
-2,453100,TOMATOES,1,3,-3,0,1,0,0,-1.0
-2,456000,EMERALDS,1,8,8,1,0,0,0,1.0
-2,457800,EMERALDS,1,8,-8,0,1,0,0,-1.0
-2,459000,TOMATOES,1,5,5,1,0,0,0,1.0
-2,459200,TOMATOES,1,3,3,1,0,0,0,1.0
-2,459700,EMERALDS,1,8,8,1,0,0,0,1.0
-2,460900,TOMATOES,1,4,-4,0,1,0,0,-1.0
-2,463900,TOMATOES,1,5,5,1,0,0,0,1.0
-2,469700,TOMATOES,1,2,-2,0,1,0,0,-1.0
-2,473100,EMERALDS,1,6,6,1,0,0,0,1.0
-2,474600,TOMATOES,1,2,-2,0,1,0,0,-1.0
-2,475300,TOMATOES,1,2,2,1,0,0,0,1.0
-2,479300,TOMATOES,1,4,4,1,0,0,0,1.0
-2,480500,TOMATOES,1,4,4,1,0,0,0,1.0
-2,485700,TOMATOES,1,5,5,1,0,0,0,1.0
-2,488400,TOMATOES,1,4,-4,0,1,0,0,-1.0
-2,488900,TOMATOES,1,5,-5,0,1,0,0,-1.0
-2,490800,TOMATOES,1,5,-5,0,1,0,0,-1.0
-2,491600,EMERALDS,1,5,-5,0,1,0,0,-1.0
-2,491900,EMERALDS,1,5,-5,0,1,0,0,-1.0
-2,492400,TOMATOES,1,4,4,1,0,0,0,1.0
-2,493300,EMERALDS,1,6,-6,0,1,0,0,-1.0
-2,496700,TOMATOES,1,5,-5,0,1,0,0,-1.0
-2,497600,TOMATOES,1,2,-2,0,1,0,0,-1.0
-2,497900,TOMATOES,1,3,-3,0,1,0,0,-1.0
-2,499000,TOMATOES,1,4,-4,0,1,0,0,-1.0
-2,502900,TOMATOES,1,4,4,1,0,0,0,1.0
-2,504900,TOMATOES,1,4,4,1,0,0,0,1.0
-2,506800,TOMATOES,1,3,-3,0,1,0,0,-1.0
-2,507200,EMERALDS,1,6,-6,0,1,0,0,-1.0
-2,511100,TOMATOES,1,4,-4,0,1,0,0,-1.0
-2,517600,EMERALDS,1,6,-6,0,1,0,0,-1.0
-2,517700,EMERALDS,1,3,3,1,0,0,0,1.0
-2,520600,TOMATOES,1,4,4,1,0,0,0,1.0
-2,521000,EMERALDS,1,4,4,1,0,0,0,1.0
-2,522600,TOMATOES,1,5,-5,0,1,0,0,-1.0
-2,524100,EMERALDS,1,4,-4,0,1,0,0,-1.0
-2,527600,EMERALDS,1,4,-4,0,1,0,0,-1.0
-2,527700,TOMATOES,1,5,-5,0,1,0,0,-1.0
-2,529400,TOMATOES,1,3,-3,0,1,0,0,-1.0
-2,529600,EMERALDS,1,3,-3,0,1,0,0,-1.0
-2,535200,EMERALDS,1,3,-3,0,1,0,0,-1.0
-2,536100,TOMATOES,1,5,5,1,0,0,0,1.0
-2,540000,TOMATOES,1,5,-5,0,1,0,0,-1.0
-2,540700,TOMATOES,1,3,-3,0,1,0,0,-1.0
-2,544200,TOMATOES,1,3,-3,0,1,0,0,-1.0
-2,545500,TOMATOES,1,5,-5,0,1,0,0,-1.0
-2,548300,TOMATOES,1,4,4,1,0,0,0,1.0
-2,549100,EMERALDS,1,6,6,1,0,0,0,1.0
-2,551500,EMERALDS,1,5,-5,0,1,0,0,-1.0
-2,553700,TOMATOES,1,4,4,1,0,0,0,1.0
-2,554300,TOMATOES,1,3,-3,0,1,0,0,-1.0
-2,562200,EMERALDS,1,7,7,1,0,0,0,1.0
-2,563000,TOMATOES,1,5,5,1,0,0,0,1.0
-2,566200,EMERALDS,1,5,-5,0,1,0,0,-1.0
-2,567100,TOMATOES,1,2,-2,0,1,0,0,-1.0
-2,568600,TOMATOES,1,4,-4,0,1,0,0,-1.0
-2,569200,EMERALDS,1,4,4,1,0,0,0,1.0
-2,576300,EMERALDS,1,8,-8,0,1,0,0,-1.0
-2,576300,TOMATOES,1,4,4,1,0,0,0,1.0
-2,588900,EMERALDS,1,5,-5,0,1,0,0,-1.0
-2,591600,TOMATOES,1,3,-3,0,1,0,0,-1.0
-2,592000,TOMATOES,1,5,5,1,0,0,0,1.0
-2,592200,EMERALDS,1,3,3,1,0,0,0,1.0
-2,593000,TOMATOES,1,2,2,1,0,0,0,1.0
-2,593200,EMERALDS,1,5,5,1,0,0,0,1.0
-2,595200,EMERALDS,1,6,6,1,0,0,0,1.0
-2,596300,EMERALDS,1,3,-3,0,1,0,0,-1.0
-2,598100,EMERALDS,1,5,5,1,0,0,0,1.0
-2,602100,TOMATOES,1,4,-4,0,1,0,0,-1.0
-2,602500,TOMATOES,1,3,3,1,0,0,0,1.0
-2,603300,TOMATOES,1,2,2,1,0,0,0,1.0
-2,604600,EMERALDS,1,7,7,1,0,0,0,1.0
-2,608700,TOMATOES,1,5,5,1,0,0,0,1.0
-2,609700,TOMATOES,1,2,-2,0,1,0,0,-1.0
-2,610200,TOMATOES,1,4,-4,0,1,0,0,-1.0
-2,611100,EMERALDS,1,6,-6,0,1,0,0,-1.0
-2,611300,TOMATOES,1,4,4,1,0,0,0,1.0
-2,616700,TOMATOES,1,4,4,1,0,0,0,1.0
-2,616900,EMERALDS,1,7,-7,0,1,0,0,-1.0
-2,619000,EMERALDS,1,5,-5,0,1,0,0,-1.0
-2,619700,TOMATOES,1,3,3,1,0,0,0,1.0
-2,624900,TOMATOES,1,4,-4,0,1,0,0,-1.0
-2,625800,TOMATOES,1,5,5,1,0,0,0,1.0
-2,626200,TOMATOES,1,5,-5,0,1,0,0,-1.0
-2,626500,TOMATOES,1,4,4,1,0,0,0,1.0
-2,627400,EMERALDS,1,7,-7,0,1,0,0,-1.0
-2,632600,EMERALDS,1,7,7,1,0,0,0,1.0
-2,633400,EMERALDS,1,4,-4,0,1,0,0,-1.0
-2,635000,EMERALDS,1,6,6,1,0,0,0,1.0
-2,636300,EMERALDS,1,8,-8,0,1,0,0,-1.0
-2,636900,TOMATOES,1,4,4,1,0,0,0,1.0
-2,637100,EMERALDS,1,5,-5,0,1,0,0,-1.0
-2,643800,TOMATOES,1,5,5,1,0,0,0,1.0
-2,645600,TOMATOES,1,5,5,1,0,0,0,1.0
-2,646000,TOMATOES,1,3,3,1,0,0,0,1.0
-2,650600,EMERALDS,1,4,-4,0,1,0,0,-1.0
-2,651300,EMERALDS,1,5,5,1,0,0,0,1.0
-2,655400,EMERALDS,1,7,-7,0,1,0,0,-1.0
-2,656300,EMERALDS,1,4,-4,0,1,0,0,-1.0
-2,661500,EMERALDS,1,3,3,1,0,0,0,1.0
-2,662600,EMERALDS,1,6,-6,0,1,0,0,-1.0
-2,663000,EMERALDS,1,8,8,1,0,0,0,1.0
-2,665700,EMERALDS,1,4,-4,0,1,0,0,-1.0
-2,665700,TOMATOES,1,2,-2,0,1,0,0,-1.0
-2,666400,TOMATOES,1,5,-5,0,1,0,0,-1.0
-2,669400,TOMATOES,1,3,-3,0,1,0,0,-1.0
-2,672600,TOMATOES,1,2,-2,0,1,0,0,-1.0
-2,673200,TOMATOES,1,5,5,1,0,0,0,1.0
-2,673800,TOMATOES,2,7,3,1,1,0,0,0.42857142857142855
-2,674200,TOMATOES,1,5,5,1,0,0,0,1.0
-2,674500,EMERALDS,1,8,8,1,0,0,0,1.0
-2,675500,TOMATOES,1,5,5,1,0,0,0,1.0
-2,677900,EMERALDS,1,6,6,1,0,0,0,1.0
-2,678500,EMERALDS,1,6,-6,0,1,0,0,-1.0
-2,678800,EMERALDS,1,7,-7,0,1,0,0,-1.0
-2,681200,TOMATOES,1,2,-2,0,1,0,0,-1.0
-2,682100,EMERALDS,1,4,-4,0,1,0,0,-1.0
-2,684400,TOMATOES,1,3,3,1,0,0,0,1.0
-2,684800,TOMATOES,1,5,-5,0,1,0,0,-1.0
-2,685300,EMERALDS,1,3,3,1,0,0,0,1.0
-2,685600,EMERALDS,1,3,-3,0,1,0,0,-1.0
-2,686700,TOMATOES,1,3,-3,0,1,0,0,-1.0
-2,687300,TOMATOES,1,4,4,1,0,0,0,1.0
-2,688200,TOMATOES,1,3,-3,0,1,0,0,-1.0
-2,690000,TOMATOES,1,2,-2,0,1,0,0,-1.0
-2,690400,TOMATOES,1,3,3,1,0,0,0,1.0
-2,691700,TOMATOES,1,4,-4,0,1,0,0,-1.0
-2,697900,TOMATOES,1,5,5,1,0,0,0,1.0
-2,698000,EMERALDS,1,3,3,1,0,0,0,1.0
-2,698400,TOMATOES,1,3,-3,0,1,0,0,-1.0
-2,701300,TOMATOES,1,5,-5,0,1,0,0,-1.0
-2,702600,TOMATOES,1,3,3,1,0,0,0,1.0
-2,703300,EMERALDS,1,4,-4,0,1,0,0,-1.0
-2,707100,EMERALDS,1,6,-6,0,1,0,0,-1.0
-2,707500,EMERALDS,1,4,-4,0,1,0,0,-1.0
-2,709000,TOMATOES,1,3,-3,0,1,0,0,-1.0
-2,709100,TOMATOES,1,2,-2,0,1,0,0,-1.0
-2,711900,TOMATOES,1,4,-4,0,1,0,0,-1.0
-2,714700,TOMATOES,1,4,4,1,0,0,0,1.0
-2,714800,TOMATOES,1,4,4,1,0,0,0,1.0
-2,718700,TOMATOES,1,2,-2,0,1,0,0,-1.0
-2,721700,TOMATOES,1,2,-2,0,1,0,0,-1.0
-2,722900,TOMATOES,1,5,-5,0,1,0,0,-1.0
-2,723200,TOMATOES,1,4,4,1,0,0,0,1.0
-2,724400,TOMATOES,1,3,-3,0,1,0,0,-1.0
-2,727100,EMERALDS,1,6,-6,0,1,0,0,-1.0
-2,727800,TOMATOES,1,4,-4,0,1,0,0,-1.0
-2,731400,TOMATOES,1,4,4,1,0,0,0,1.0
-2,731700,EMERALDS,1,4,4,1,0,0,0,1.0
-2,735200,TOMATOES,1,4,4,1,0,0,0,1.0
-2,735300,TOMATOES,1,5,5,1,0,0,0,1.0
-2,737600,TOMATOES,1,4,4,1,0,0,0,1.0
-2,737700,TOMATOES,1,2,-2,0,1,0,0,-1.0
-2,738800,TOMATOES,1,2,2,1,0,0,0,1.0
-2,739000,TOMATOES,1,4,-4,0,1,0,0,-1.0
-2,740700,TOMATOES,1,5,5,1,0,0,0,1.0
-2,741900,EMERALDS,1,5,5,1,0,0,0,1.0
-2,744900,EMERALDS,1,3,3,1,0,0,0,1.0
-2,745000,EMERALDS,1,8,8,1,0,0,0,1.0
-2,745700,TOMATOES,1,2,2,1,0,0,0,1.0
-2,748000,TOMATOES,1,3,-3,0,1,0,0,-1.0
-2,748600,EMERALDS,1,8,-8,0,1,0,0,-1.0
-2,750000,TOMATOES,1,2,-2,0,1,0,0,-1.0
-2,753400,TOMATOES,1,4,-4,0,1,0,0,-1.0
-2,757800,TOMATOES,1,3,3,1,0,0,0,1.0
-2,758400,TOMATOES,1,5,-5,0,1,0,0,-1.0
-2,760600,TOMATOES,1,3,-3,0,1,0,0,-1.0
-2,761000,EMERALDS,1,8,8,1,0,0,0,1.0
-2,766500,EMERALDS,1,3,3,1,0,0,0,1.0
-2,767000,TOMATOES,1,2,-2,0,1,0,0,-1.0
-2,767700,TOMATOES,1,3,-3,0,1,0,0,-1.0
-2,767900,TOMATOES,1,3,-3,0,1,0,0,-1.0
-2,768400,TOMATOES,1,3,-3,0,1,0,0,-1.0
-2,771200,TOMATOES,1,2,-2,0,1,0,0,-1.0
-2,773400,TOMATOES,1,4,4,1,0,0,0,1.0
-2,775500,TOMATOES,1,4,4,1,0,0,0,1.0
-2,776500,TOMATOES,1,2,-2,0,1,0,0,-1.0
-2,778600,TOMATOES,1,3,-3,0,1,0,0,-1.0
-2,780900,TOMATOES,1,3,3,1,0,0,0,1.0
-2,783400,EMERALDS,1,7,7,1,0,0,0,1.0
-2,784200,TOMATOES,1,3,3,1,0,0,0,1.0
-2,786500,TOMATOES,1,3,3,1,0,0,0,1.0
-2,792000,EMERALDS,1,4,4,1,0,0,0,1.0
-2,793300,TOMATOES,1,5,5,1,0,0,0,1.0
-2,796100,TOMATOES,1,5,5,1,0,0,0,1.0
-2,797300,TOMATOES,1,2,2,1,0,0,0,1.0
-2,797800,EMERALDS,1,8,-8,0,1,0,0,-1.0
-2,799100,TOMATOES,1,5,5,1,0,0,0,1.0
-2,799300,TOMATOES,1,4,-4,0,1,0,0,-1.0
-2,800400,TOMATOES,1,3,3,1,0,0,0,1.0
-2,803000,TOMATOES,1,3,3,1,0,0,0,1.0
-2,806200,EMERALDS,1,7,-7,0,1,0,0,-1.0
-2,808200,TOMATOES,1,4,-4,0,1,0,0,-1.0
-2,808900,EMERALDS,1,3,-3,0,1,0,0,-1.0
-2,808900,TOMATOES,1,3,-3,0,1,0,0,-1.0
-2,811500,EMERALDS,1,5,-5,0,1,0,0,-1.0
-2,811900,TOMATOES,1,5,5,1,0,0,0,1.0
-2,814600,TOMATOES,1,3,3,1,0,0,0,1.0
-2,815100,TOMATOES,1,5,5,1,0,0,0,1.0
-2,815300,TOMATOES,1,2,2,1,0,0,0,1.0
-2,817800,EMERALDS,1,4,-4,0,1,0,0,-1.0
-2,818800,TOMATOES,1,2,-2,0,1,0,0,-1.0
-2,822100,EMERALDS,1,4,-4,0,1,0,0,-1.0
-2,822100,TOMATOES,1,5,-5,0,1,0,0,-1.0
-2,822200,TOMATOES,1,3,-3,0,1,0,0,-1.0
-2,822500,EMERALDS,1,7,7,1,0,0,0,1.0
-2,822700,EMERALDS,1,7,7,1,0,0,0,1.0
-2,823100,EMERALDS,1,3,3,1,0,0,0,1.0
-2,824000,EMERALDS,1,6,-6,0,1,0,0,-1.0
-2,825300,TOMATOES,1,4,4,1,0,0,0,1.0
-2,826800,EMERALDS,1,6,-6,0,1,0,0,-1.0
-2,829300,TOMATOES,1,3,-3,0,1,0,0,-1.0
-2,830400,TOMATOES,1,4,4,1,0,0,0,1.0
-2,833200,TOMATOES,1,3,-3,0,1,0,0,-1.0
-2,833500,TOMATOES,1,5,5,1,0,0,0,1.0
-2,834700,EMERALDS,1,8,8,1,0,0,0,1.0
-2,837600,EMERALDS,1,7,7,1,0,0,0,1.0
-2,839200,EMERALDS,1,3,3,1,0,0,0,1.0
-2,845200,TOMATOES,1,2,-2,0,1,0,0,-1.0
-2,846300,TOMATOES,1,2,-2,0,1,0,0,-1.0
-2,846400,TOMATOES,1,4,-4,0,1,0,0,-1.0
-2,848000,EMERALDS,1,7,7,1,0,0,0,1.0
-2,848300,TOMATOES,1,5,-5,0,1,0,0,-1.0
-2,849500,EMERALDS,1,6,-6,0,1,0,0,-1.0
-2,851000,EMERALDS,1,7,7,1,0,0,0,1.0
-2,851300,TOMATOES,1,5,-5,0,1,0,0,-1.0
-2,853700,TOMATOES,1,5,5,1,0,0,0,1.0
-2,855100,TOMATOES,1,4,-4,0,1,0,0,-1.0
-2,856000,TOMATOES,1,2,2,1,0,0,0,1.0
-2,856600,TOMATOES,1,4,4,1,0,0,0,1.0
-2,858500,TOMATOES,1,5,5,1,0,0,0,1.0
-2,860200,TOMATOES,1,2,-2,0,1,0,0,-1.0
-2,860400,TOMATOES,1,5,5,1,0,0,0,1.0
-2,861500,TOMATOES,1,3,-3,0,1,0,0,-1.0
-2,862300,TOMATOES,1,5,-5,0,1,0,0,-1.0
-2,864100,TOMATOES,1,5,-5,0,1,0,0,-1.0
-2,864900,EMERALDS,1,5,-5,0,1,0,0,-1.0
-2,864900,TOMATOES,1,4,4,1,0,0,0,1.0
-2,867700,TOMATOES,1,5,5,1,0,0,0,1.0
-2,868200,EMERALDS,1,5,-5,0,1,0,0,-1.0
-2,868300,TOMATOES,1,5,5,1,0,0,0,1.0
-2,868600,TOMATOES,1,4,-4,0,1,0,0,-1.0
-2,870400,EMERALDS,1,7,7,1,0,0,0,1.0
-2,871800,TOMATOES,1,5,-5,0,1,0,0,-1.0
-2,873300,TOMATOES,1,3,3,1,0,0,0,1.0
-2,876000,TOMATOES,1,2,-2,0,1,0,0,-1.0
-2,884000,TOMATOES,1,2,-2,0,1,0,0,-1.0
-2,884100,TOMATOES,1,4,-4,0,1,0,0,-1.0
-2,886000,TOMATOES,1,5,-5,0,1,0,0,-1.0
-2,886600,TOMATOES,1,2,2,1,0,0,0,1.0
-2,889100,TOMATOES,1,2,-2,0,1,0,0,-1.0
-2,889900,TOMATOES,1,4,-4,0,1,0,0,-1.0
-2,890100,TOMATOES,1,3,-3,0,1,0,0,-1.0
-2,891100,TOMATOES,1,2,-2,0,1,0,0,-1.0
-2,891200,EMERALDS,1,8,8,1,0,0,0,1.0
-2,893200,TOMATOES,1,4,-4,0,1,0,0,-1.0
-2,894700,TOMATOES,1,5,5,1,0,0,0,1.0
-2,895400,TOMATOES,1,5,-5,0,1,0,0,-1.0
-2,896700,TOMATOES,1,6,6,1,0,0,0,1.0
-2,898100,TOMATOES,1,4,4,1,0,0,0,1.0
-2,898300,TOMATOES,1,4,4,1,0,0,0,1.0
-2,900000,TOMATOES,1,3,3,1,0,0,0,1.0
-2,901700,TOMATOES,1,3,-3,0,1,0,0,-1.0
-2,902600,TOMATOES,1,2,-2,0,1,0,0,-1.0
-2,906300,TOMATOES,1,5,5,1,0,0,0,1.0
-2,906500,TOMATOES,1,3,3,1,0,0,0,1.0
-2,909600,EMERALDS,1,3,3,1,0,0,0,1.0
-2,910000,TOMATOES,1,4,-4,0,1,0,0,-1.0
-2,910800,TOMATOES,1,4,-4,0,1,0,0,-1.0
-2,912100,TOMATOES,1,3,-3,0,1,0,0,-1.0
-2,913500,TOMATOES,1,5,-5,0,1,0,0,-1.0
-2,916800,TOMATOES,1,5,5,1,0,0,0,1.0
-2,919800,EMERALDS,1,3,3,1,0,0,0,1.0
-2,923000,TOMATOES,1,2,-2,0,1,0,0,-1.0
-2,927400,EMERALDS,1,5,-5,0,1,0,0,-1.0
-2,928900,TOMATOES,1,5,-5,0,1,0,0,-1.0
-2,932900,EMERALDS,1,5,5,1,0,0,0,1.0
-2,937200,TOMATOES,1,4,4,1,0,0,0,1.0
-2,940200,EMERALDS,1,7,7,1,0,0,0,1.0
-2,941100,TOMATOES,1,5,-5,0,1,0,0,-1.0
-2,942400,EMERALDS,1,6,-6,0,1,0,0,-1.0
-2,943600,EMERALDS,1,6,-6,0,1,0,0,-1.0
-2,945100,TOMATOES,1,4,4,1,0,0,0,1.0
-2,947200,EMERALDS,1,4,4,1,0,0,0,1.0
-2,949400,EMERALDS,1,6,6,1,0,0,0,1.0
-2,949800,TOMATOES,1,5,5,1,0,0,0,1.0
-2,950000,EMERALDS,1,8,8,1,0,0,0,1.0
-2,950300,TOMATOES,1,2,-2,0,1,0,0,-1.0
-2,950600,TOMATOES,1,2,-2,0,1,0,0,-1.0
-2,952400,EMERALDS,1,6,-6,0,1,0,0,-1.0
-2,954600,EMERALDS,1,5,5,1,0,0,0,1.0
-2,957400,EMERALDS,1,8,8,1,0,0,0,1.0
-2,957800,TOMATOES,1,2,2,1,0,0,0,1.0
-2,958200,TOMATOES,1,4,-4,0,1,0,0,-1.0
-2,960300,EMERALDS,1,4,4,1,0,0,0,1.0
-2,961000,TOMATOES,1,5,5,1,0,0,0,1.0
-2,961100,TOMATOES,1,5,-5,0,1,0,0,-1.0
-2,962800,TOMATOES,1,2,-2,0,1,0,0,-1.0
-2,965400,TOMATOES,1,4,-4,0,1,0,0,-1.0
-2,966900,EMERALDS,1,6,6,1,0,0,0,1.0
-2,968300,TOMATOES,1,4,4,1,0,0,0,1.0
-2,969000,EMERALDS,1,3,3,1,0,0,0,1.0
-2,969000,TOMATOES,1,2,2,1,0,0,0,1.0
-2,969800,TOMATOES,1,2,2,1,0,0,0,1.0
-2,972700,TOMATOES,1,2,2,1,0,0,0,1.0
-2,973400,TOMATOES,1,3,3,1,0,0,0,1.0
-2,973600,TOMATOES,1,2,-2,0,1,0,0,-1.0
-2,974800,TOMATOES,1,5,-5,0,1,0,0,-1.0
-2,976300,TOMATOES,1,5,-5,0,1,0,0,-1.0
-2,980300,TOMATOES,1,3,3,1,0,0,0,1.0
-2,985400,TOMATOES,1,2,2,1,0,0,0,1.0
-2,985800,TOMATOES,1,2,2,1,0,0,0,1.0
-2,986100,TOMATOES,1,5,-5,0,1,0,0,-1.0
-2,988600,TOMATOES,1,5,-5,0,1,0,0,-1.0
-2,989300,TOMATOES,1,2,2,1,0,0,0,1.0
-2,991500,TOMATOES,1,2,2,1,0,0,0,1.0
-2,991700,TOMATOES,1,4,-4,0,1,0,0,-1.0
-1,3200,EMERALDS,1,8,-8,0,1,0,0,-1.0
-1,3400,TOMATOES,1,2,2,1,0,0,0,1.0
-1,5000,EMERALDS,1,7,-7,0,1,0,0,-1.0
-1,7000,TOMATOES,1,4,4,1,0,0,0,1.0
-1,9600,TOMATOES,1,5,-5,0,1,0,0,-1.0
-1,9900,TOMATOES,1,4,-4,0,1,0,0,-1.0
-1,16400,TOMATOES,1,2,-2,0,1,0,0,-1.0
-1,17900,TOMATOES,1,2,2,1,0,0,0,1.0
-1,22200,TOMATOES,1,3,3,1,0,0,0,1.0
-1,23500,TOMATOES,1,3,-3,0,1,0,0,-1.0
-1,24600,TOMATOES,1,5,5,1,0,0,0,1.0
-1,26100,TOMATOES,1,2,-2,0,1,0,0,-1.0
-1,31400,EMERALDS,1,3,3,1,0,0,0,1.0
-1,34700,TOMATOES,1,4,4,1,0,0,0,1.0
-1,36400,TOMATOES,1,2,-2,0,1,0,0,-1.0
-1,36700,TOMATOES,1,2,-2,0,1,0,0,-1.0
-1,39400,TOMATOES,1,2,-2,0,1,0,0,-1.0
-1,39900,EMERALDS,1,7,-7,0,1,0,0,-1.0
-1,42400,EMERALDS,1,5,-5,0,1,0,0,-1.0
-1,43900,TOMATOES,1,5,5,1,0,0,0,1.0
-1,51300,EMERALDS,1,7,-7,0,1,0,0,-1.0
-1,52800,TOMATOES,1,4,4,1,0,0,0,1.0
-1,53100,TOMATOES,1,2,2,1,0,0,0,1.0
-1,53600,TOMATOES,1,2,2,1,0,0,0,1.0
-1,54400,TOMATOES,1,3,-3,0,1,0,0,-1.0
-1,55300,EMERALDS,1,6,-6,0,1,0,0,-1.0
-1,55700,EMERALDS,1,4,-4,0,1,0,0,-1.0
-1,59700,TOMATOES,1,5,5,1,0,0,0,1.0
-1,62700,EMERALDS,1,8,-8,0,1,0,0,-1.0
-1,64100,TOMATOES,1,4,-4,0,1,0,0,-1.0
-1,66100,TOMATOES,1,3,-3,0,1,0,0,-1.0
-1,66700,EMERALDS,1,7,7,1,0,0,0,1.0
-1,67300,EMERALDS,1,7,-7,0,1,0,0,-1.0
-1,70600,TOMATOES,1,2,2,1,0,0,0,1.0
-1,71200,TOMATOES,1,2,2,1,0,0,0,1.0
-1,73500,TOMATOES,1,3,-3,0,1,0,0,-1.0
-1,73700,EMERALDS,1,3,-3,0,1,0,0,-1.0
-1,74200,TOMATOES,1,3,3,1,0,0,0,1.0
-1,75200,TOMATOES,1,4,-4,0,1,0,0,-1.0
-1,78300,TOMATOES,1,5,5,1,0,0,0,1.0
-1,79100,TOMATOES,1,5,-5,0,1,0,0,-1.0
-1,80300,TOMATOES,1,3,-3,0,1,0,0,-1.0
-1,80400,EMERALDS,1,3,-3,0,1,0,0,-1.0
-1,80900,TOMATOES,1,2,-2,0,1,0,0,-1.0
-1,81000,TOMATOES,1,4,-4,0,1,0,0,-1.0
-1,81400,TOMATOES,1,5,-5,0,1,0,0,-1.0
-1,83800,EMERALDS,1,7,-7,0,1,0,0,-1.0
-1,84500,TOMATOES,1,3,-3,0,1,0,0,-1.0
-1,85500,TOMATOES,1,2,-2,0,1,0,0,-1.0
-1,86000,TOMATOES,1,5,5,1,0,0,0,1.0
-1,87600,EMERALDS,1,8,-8,0,1,0,0,-1.0
-1,93900,EMERALDS,1,7,7,1,0,0,0,1.0
-1,94000,TOMATOES,1,3,-3,0,1,0,0,-1.0
-1,95100,EMERALDS,1,7,-7,0,1,0,0,-1.0
-1,96500,EMERALDS,1,6,6,1,0,0,0,1.0
-1,97200,TOMATOES,1,4,-4,0,1,0,0,-1.0
-1,97500,TOMATOES,1,3,-3,0,1,0,0,-1.0
-1,98000,EMERALDS,1,7,-7,0,1,0,0,-1.0
-1,98400,EMERALDS,1,7,7,1,0,0,0,1.0
-1,101200,EMERALDS,1,6,6,1,0,0,0,1.0
-1,101600,EMERALDS,1,6,6,1,0,0,0,1.0
-1,103700,EMERALDS,1,5,-5,0,1,0,0,-1.0
-1,108000,EMERALDS,1,4,-4,0,1,0,0,-1.0
-1,110200,TOMATOES,1,5,-5,0,1,0,0,-1.0
-1,110700,EMERALDS,1,6,-6,0,1,0,0,-1.0
-1,111900,TOMATOES,1,3,-3,0,1,0,0,-1.0
-1,112000,TOMATOES,1,4,4,1,0,0,0,1.0
-1,113000,TOMATOES,1,4,4,1,0,0,0,1.0
-1,116300,TOMATOES,1,2,2,1,0,0,0,1.0
-1,120900,TOMATOES,1,3,-3,0,1,0,0,-1.0
-1,124800,TOMATOES,1,2,-2,0,1,0,0,-1.0
-1,128400,EMERALDS,1,3,-3,0,1,0,0,-1.0
-1,128700,TOMATOES,1,3,-3,0,1,0,0,-1.0
-1,129000,TOMATOES,1,2,2,1,0,0,0,1.0
-1,130500,TOMATOES,1,3,-3,0,1,0,0,-1.0
-1,130900,TOMATOES,1,2,-2,0,1,0,0,-1.0
-1,131700,EMERALDS,1,8,8,1,0,0,0,1.0
-1,131900,TOMATOES,1,4,4,1,0,0,0,1.0
-1,132100,EMERALDS,1,6,-6,0,1,0,0,-1.0
-1,132100,TOMATOES,1,4,-4,0,1,0,0,-1.0
-1,133400,TOMATOES,1,4,4,1,0,0,0,1.0
-1,133700,EMERALDS,1,8,8,1,0,0,0,1.0
-1,133900,EMERALDS,1,3,-3,0,1,0,0,-1.0
-1,135500,EMERALDS,1,5,-5,0,1,0,0,-1.0
-1,135600,EMERALDS,1,7,-7,0,1,0,0,-1.0
-1,136200,TOMATOES,1,4,-4,0,1,0,0,-1.0
-1,137600,TOMATOES,1,5,5,1,0,0,0,1.0
-1,141300,EMERALDS,1,6,-6,0,1,0,0,-1.0
-1,141700,TOMATOES,1,5,-5,0,1,0,0,-1.0
-1,144200,TOMATOES,1,2,-2,0,1,0,0,-1.0
-1,146100,EMERALDS,1,4,4,1,0,0,0,1.0
-1,151500,TOMATOES,1,2,-2,0,1,0,0,-1.0
-1,152000,EMERALDS,1,4,-4,0,1,0,0,-1.0
-1,153400,TOMATOES,1,4,4,1,0,0,0,1.0
-1,154700,EMERALDS,1,6,-6,0,1,0,0,-1.0
-1,156700,TOMATOES,1,3,3,1,0,0,0,1.0
-1,157600,TOMATOES,1,3,3,1,0,0,0,1.0
-1,158300,EMERALDS,1,3,3,1,0,0,0,1.0
-1,158900,TOMATOES,1,2,-2,0,1,0,0,-1.0
-1,159200,TOMATOES,1,3,-3,0,1,0,0,-1.0
-1,161000,TOMATOES,1,3,-3,0,1,0,0,-1.0
-1,161800,TOMATOES,1,2,-2,0,1,0,0,-1.0
-1,162400,TOMATOES,1,3,-3,0,1,0,0,-1.0
-1,162900,TOMATOES,1,5,-5,0,1,0,0,-1.0
-1,167300,TOMATOES,1,2,-2,0,1,0,0,-1.0
-1,168200,TOMATOES,1,4,4,1,0,0,0,1.0
-1,170100,EMERALDS,1,6,6,1,0,0,0,1.0
-1,170800,TOMATOES,1,3,-3,0,1,0,0,-1.0
-1,176000,TOMATOES,1,4,4,1,0,0,0,1.0
-1,176300,TOMATOES,1,3,-3,0,1,0,0,-1.0
-1,176900,TOMATOES,1,2,-2,0,1,0,0,-1.0
-1,180300,TOMATOES,1,3,-3,0,1,0,0,-1.0
-1,181100,TOMATOES,1,4,-4,0,1,0,0,-1.0
-1,182600,TOMATOES,1,5,-5,0,1,0,0,-1.0
-1,182700,EMERALDS,1,5,5,1,0,0,0,1.0
-1,185200,TOMATOES,1,3,3,1,0,0,0,1.0
-1,187100,TOMATOES,1,2,2,1,0,0,0,1.0
-1,187600,TOMATOES,1,3,-3,0,1,0,0,-1.0
-1,188300,TOMATOES,1,5,5,1,0,0,0,1.0
-1,189000,TOMATOES,1,3,-3,0,1,0,0,-1.0
-1,191700,TOMATOES,1,3,3,1,0,0,0,1.0
-1,192700,TOMATOES,1,3,-3,0,1,0,0,-1.0
-1,195700,TOMATOES,1,3,-3,0,1,0,0,-1.0
-1,202200,TOMATOES,1,3,3,1,0,0,0,1.0
-1,203600,TOMATOES,1,4,4,1,0,0,0,1.0
-1,206300,TOMATOES,1,2,2,1,0,0,0,1.0
-1,206400,TOMATOES,1,3,-3,0,1,0,0,-1.0
-1,207200,TOMATOES,1,4,-4,0,1,0,0,-1.0
-1,207500,EMERALDS,1,7,7,1,0,0,0,1.0
-1,210000,EMERALDS,1,6,-6,0,1,0,0,-1.0
-1,212200,EMERALDS,1,5,-5,0,1,0,0,-1.0
-1,212200,TOMATOES,1,4,-4,0,1,0,0,-1.0
-1,213300,TOMATOES,1,2,-2,0,1,0,0,-1.0
-1,215500,TOMATOES,1,3,3,1,0,0,0,1.0
-1,216000,TOMATOES,1,4,4,1,0,0,0,1.0
-1,218400,EMERALDS,1,3,3,1,0,0,0,1.0
-1,218700,TOMATOES,1,4,4,1,0,0,0,1.0
-1,218800,TOMATOES,1,5,-5,0,1,0,0,-1.0
-1,218900,TOMATOES,1,2,-2,0,1,0,0,-1.0
-1,219300,EMERALDS,1,3,3,1,0,0,0,1.0
-1,225900,EMERALDS,1,8,8,1,0,0,0,1.0
-1,226300,TOMATOES,1,5,5,1,0,0,0,1.0
-1,227300,TOMATOES,1,5,5,1,0,0,0,1.0
-1,229400,TOMATOES,1,3,-3,0,1,0,0,-1.0
-1,231600,TOMATOES,1,3,-3,0,1,0,0,-1.0
-1,233200,TOMATOES,1,3,3,1,0,0,0,1.0
-1,234400,EMERALDS,1,8,8,1,0,0,0,1.0
-1,236300,EMERALDS,1,3,3,1,0,0,0,1.0
-1,239100,TOMATOES,1,5,5,1,0,0,0,1.0
-1,242000,EMERALDS,1,5,5,1,0,0,0,1.0
-1,243600,EMERALDS,1,4,-4,0,1,0,0,-1.0
-1,248700,TOMATOES,1,4,-4,0,1,0,0,-1.0
-1,249000,TOMATOES,1,4,4,1,0,0,0,1.0
-1,249800,TOMATOES,1,2,2,1,0,0,0,1.0
-1,250200,TOMATOES,1,2,2,1,0,0,0,1.0
-1,251800,TOMATOES,1,2,2,1,0,0,0,1.0
-1,252300,TOMATOES,1,4,-4,0,1,0,0,-1.0
-1,259000,TOMATOES,1,3,-3,0,1,0,0,-1.0
-1,261900,TOMATOES,1,3,-3,0,1,0,0,-1.0
-1,262900,EMERALDS,1,8,8,1,0,0,0,1.0
-1,267600,TOMATOES,1,3,-3,0,1,0,0,-1.0
-1,269100,TOMATOES,1,2,2,1,0,0,0,1.0
-1,269700,TOMATOES,1,4,4,1,0,0,0,1.0
-1,274300,TOMATOES,1,2,-2,0,1,0,0,-1.0
-1,276300,TOMATOES,1,5,-5,0,1,0,0,-1.0
-1,278600,TOMATOES,1,4,-4,0,1,0,0,-1.0
-1,280400,TOMATOES,1,5,5,1,0,0,0,1.0
-1,281700,TOMATOES,1,4,-4,0,1,0,0,-1.0
-1,282200,TOMATOES,1,4,4,1,0,0,0,1.0
-1,282500,TOMATOES,1,5,5,1,0,0,0,1.0
-1,282600,TOMATOES,1,3,3,1,0,0,0,1.0
-1,285700,EMERALDS,1,6,-6,0,1,0,0,-1.0
-1,286800,TOMATOES,1,2,2,1,0,0,0,1.0
-1,288700,TOMATOES,1,2,2,1,0,0,0,1.0
-1,290400,TOMATOES,1,3,3,1,0,0,0,1.0
-1,291700,TOMATOES,1,5,-5,0,1,0,0,-1.0
-1,294500,EMERALDS,1,4,4,1,0,0,0,1.0
-1,296100,TOMATOES,1,5,-5,0,1,0,0,-1.0
-1,296700,TOMATOES,1,5,5,1,0,0,0,1.0
-1,297400,EMERALDS,1,7,-7,0,1,0,0,-1.0
-1,298900,EMERALDS,1,7,-7,0,1,0,0,-1.0
-1,300000,EMERALDS,1,5,5,1,0,0,0,1.0
-1,300100,TOMATOES,1,2,2,1,0,0,0,1.0
-1,301000,TOMATOES,1,4,4,1,0,0,0,1.0
-1,305700,TOMATOES,1,4,4,1,0,0,0,1.0
-1,307900,TOMATOES,1,2,-2,0,1,0,0,-1.0
-1,308200,TOMATOES,1,3,-3,0,1,0,0,-1.0
-1,309300,EMERALDS,1,4,4,1,0,0,0,1.0
-1,312600,TOMATOES,1,3,-3,0,1,0,0,-1.0
-1,314200,TOMATOES,1,3,3,1,0,0,0,1.0
-1,314400,EMERALDS,1,8,-8,0,1,0,0,-1.0
-1,315900,EMERALDS,1,8,-8,0,1,0,0,-1.0
-1,316000,TOMATOES,1,3,-3,0,1,0,0,-1.0
-1,316400,TOMATOES,1,3,-3,0,1,0,0,-1.0
-1,318400,TOMATOES,1,4,4,1,0,0,0,1.0
-1,323700,TOMATOES,1,5,5,1,0,0,0,1.0
-1,325600,TOMATOES,1,2,-2,0,1,0,0,-1.0
-1,326400,TOMATOES,1,3,3,1,0,0,0,1.0
-1,326800,TOMATOES,1,3,-3,0,1,0,0,-1.0
-1,326900,TOMATOES,1,2,2,1,0,0,0,1.0
-1,327400,EMERALDS,1,4,-4,0,1,0,0,-1.0
-1,328200,TOMATOES,1,2,2,1,0,0,0,1.0
-1,328900,TOMATOES,1,5,-5,0,1,0,0,-1.0
-1,329400,TOMATOES,1,5,-5,0,1,0,0,-1.0
-1,330300,TOMATOES,1,4,-4,0,1,0,0,-1.0
-1,331300,TOMATOES,1,5,5,1,0,0,0,1.0
-1,331400,TOMATOES,1,3,3,1,0,0,0,1.0
-1,331600,TOMATOES,1,4,4,1,0,0,0,1.0
-1,333000,TOMATOES,1,2,-2,0,1,0,0,-1.0
-1,335500,EMERALDS,1,3,-3,0,1,0,0,-1.0
-1,336100,EMERALDS,1,8,8,1,0,0,0,1.0
-1,339400,TOMATOES,1,3,3,1,0,0,0,1.0
-1,343200,TOMATOES,1,4,-4,0,1,0,0,-1.0
-1,351500,TOMATOES,1,5,5,1,0,0,0,1.0
-1,353400,TOMATOES,1,2,2,1,0,0,0,1.0
-1,353600,TOMATOES,1,2,2,1,0,0,0,1.0
-1,356500,EMERALDS,1,8,8,1,0,0,0,1.0
-1,360100,EMERALDS,1,5,-5,0,1,0,0,-1.0
-1,360700,TOMATOES,1,4,4,1,0,0,0,1.0
-1,364000,TOMATOES,1,3,-3,0,1,0,0,-1.0
-1,366100,TOMATOES,1,2,-2,0,1,0,0,-1.0
-1,366200,TOMATOES,1,4,4,1,0,0,0,1.0
-1,368200,TOMATOES,1,4,4,1,0,0,0,1.0
-1,368300,TOMATOES,1,4,4,1,0,0,0,1.0
-1,368900,TOMATOES,1,4,-4,0,1,0,0,-1.0
-1,369300,EMERALDS,1,4,-4,0,1,0,0,-1.0
-1,370700,TOMATOES,1,2,-2,0,1,0,0,-1.0
-1,374500,TOMATOES,1,2,2,1,0,0,0,1.0
-1,375500,TOMATOES,1,4,4,1,0,0,0,1.0
-1,380300,TOMATOES,1,3,3,1,0,0,0,1.0
-1,383000,TOMATOES,1,4,4,1,0,0,0,1.0
-1,383600,EMERALDS,1,5,5,1,0,0,0,1.0
-1,384400,TOMATOES,1,5,-5,0,1,0,0,-1.0
-1,385100,EMERALDS,1,5,5,1,0,0,0,1.0
-1,385300,TOMATOES,1,4,-4,0,1,0,0,-1.0
-1,388600,TOMATOES,1,2,-2,0,1,0,0,-1.0
-1,388900,TOMATOES,1,5,5,1,0,0,0,1.0
-1,390000,TOMATOES,1,5,5,1,0,0,0,1.0
-1,390100,TOMATOES,1,5,5,1,0,0,0,1.0
-1,390600,TOMATOES,1,4,4,1,0,0,0,1.0
-1,392300,EMERALDS,1,5,-5,0,1,0,0,-1.0
-1,392600,TOMATOES,1,2,2,1,0,0,0,1.0
-1,396700,EMERALDS,1,4,-4,0,1,0,0,-1.0
-1,398500,EMERALDS,1,4,4,1,0,0,0,1.0
-1,398600,TOMATOES,1,2,-2,0,1,0,0,-1.0
-1,400200,TOMATOES,1,6,6,1,0,0,0,1.0
-1,401400,TOMATOES,1,3,3,1,0,0,0,1.0
-1,402200,TOMATOES,1,5,-5,0,1,0,0,-1.0
-1,403300,EMERALDS,1,6,-6,0,1,0,0,-1.0
-1,404900,TOMATOES,1,5,5,1,0,0,0,1.0
-1,405200,TOMATOES,1,5,-5,0,1,0,0,-1.0
-1,407000,TOMATOES,1,3,-3,0,1,0,0,-1.0
-1,408400,TOMATOES,1,4,-4,0,1,0,0,-1.0
-1,408700,TOMATOES,1,3,-3,0,1,0,0,-1.0
-1,410300,TOMATOES,1,3,-3,0,1,0,0,-1.0
-1,412400,EMERALDS,1,5,-5,0,1,0,0,-1.0
-1,413800,TOMATOES,1,5,-5,0,1,0,0,-1.0
-1,414500,TOMATOES,1,4,-4,0,1,0,0,-1.0
-1,414600,TOMATOES,1,2,-2,0,1,0,0,-1.0
-1,415000,TOMATOES,1,3,3,1,0,0,0,1.0
-1,415300,TOMATOES,1,5,-5,0,1,0,0,-1.0
-1,415900,EMERALDS,1,6,-6,0,1,0,0,-1.0
-1,416000,EMERALDS,1,7,-7,0,1,0,0,-1.0
-1,416200,TOMATOES,1,4,-4,0,1,0,0,-1.0
-1,416500,EMERALDS,1,5,5,1,0,0,0,1.0
-1,417600,TOMATOES,1,2,2,1,0,0,0,1.0
-1,417700,TOMATOES,1,2,2,1,0,0,0,1.0
-1,418000,EMERALDS,1,4,-4,0,1,0,0,-1.0
-1,420000,TOMATOES,1,4,4,1,0,0,0,1.0
-1,421600,TOMATOES,1,5,5,1,0,0,0,1.0
-1,422000,TOMATOES,1,5,5,1,0,0,0,1.0
-1,422800,TOMATOES,1,2,-2,0,1,0,0,-1.0
-1,424700,EMERALDS,1,6,6,1,0,0,0,1.0
-1,426700,EMERALDS,1,5,-5,0,1,0,0,-1.0
-1,427100,TOMATOES,1,3,-3,0,1,0,0,-1.0
-1,431400,TOMATOES,1,5,-5,0,1,0,0,-1.0
-1,434400,EMERALDS,1,8,-8,0,1,0,0,-1.0
-1,438400,TOMATOES,1,5,5,1,0,0,0,1.0
-1,439100,EMERALDS,1,5,5,1,0,0,0,1.0
-1,439400,EMERALDS,1,7,-7,0,1,0,0,-1.0
-1,440400,TOMATOES,1,4,4,1,0,0,0,1.0
-1,442600,EMERALDS,1,6,-6,0,1,0,0,-1.0
-1,443900,TOMATOES,1,4,4,1,0,0,0,1.0
-1,446900,TOMATOES,1,3,-3,0,1,0,0,-1.0
-1,447400,EMERALDS,1,4,4,1,0,0,0,1.0
-1,447600,TOMATOES,1,4,4,1,0,0,0,1.0
-1,450300,EMERALDS,1,6,6,1,0,0,0,1.0
-1,450700,TOMATOES,1,4,4,1,0,0,0,1.0
-1,453700,EMERALDS,1,5,5,1,0,0,0,1.0
-1,453800,EMERALDS,1,5,-5,0,1,0,0,-1.0
-1,453900,TOMATOES,1,3,-3,0,1,0,0,-1.0
-1,454000,TOMATOES,1,4,-4,0,1,0,0,-1.0
-1,455400,EMERALDS,1,6,6,1,0,0,0,1.0
-1,456500,TOMATOES,1,2,-2,0,1,0,0,-1.0
-1,457400,TOMATOES,1,5,-5,0,1,0,0,-1.0
-1,457700,TOMATOES,1,4,4,1,0,0,0,1.0
-1,458200,EMERALDS,1,6,-6,0,1,0,0,-1.0
-1,459800,EMERALDS,1,4,4,1,0,0,0,1.0
-1,460700,EMERALDS,1,7,-7,0,1,0,0,-1.0
-1,463900,EMERALDS,1,8,8,1,0,0,0,1.0
-1,465000,TOMATOES,1,5,5,1,0,0,0,1.0
-1,467200,EMERALDS,1,6,-6,0,1,0,0,-1.0
-1,471900,EMERALDS,1,7,-7,0,1,0,0,-1.0
-1,472800,EMERALDS,1,7,7,1,0,0,0,1.0
-1,479200,EMERALDS,1,3,3,1,0,0,0,1.0
-1,479600,EMERALDS,1,7,7,1,0,0,0,1.0
-1,481500,TOMATOES,1,2,2,1,0,0,0,1.0
-1,483900,EMERALDS,1,6,6,1,0,0,0,1.0
-1,484200,EMERALDS,1,5,5,1,0,0,0,1.0
-1,487200,TOMATOES,1,5,-5,0,1,0,0,-1.0
-1,490300,TOMATOES,1,4,-4,0,1,0,0,-1.0
-1,493100,TOMATOES,1,3,-3,0,1,0,0,-1.0
-1,493900,EMERALDS,1,6,-6,0,1,0,0,-1.0
-1,495500,TOMATOES,1,5,-5,0,1,0,0,-1.0
-1,495700,TOMATOES,1,4,4,1,0,0,0,1.0
-1,498300,TOMATOES,1,4,-4,0,1,0,0,-1.0
-1,498400,TOMATOES,1,5,5,1,0,0,0,1.0
-1,500100,TOMATOES,1,3,-3,0,1,0,0,-1.0
-1,501700,TOMATOES,1,4,-4,0,1,0,0,-1.0
-1,501900,TOMATOES,1,2,-2,0,1,0,0,-1.0
-1,506500,EMERALDS,1,6,6,1,0,0,0,1.0
-1,508700,TOMATOES,1,5,-5,0,1,0,0,-1.0
-1,509300,TOMATOES,1,2,2,1,0,0,0,1.0
-1,509600,EMERALDS,1,3,-3,0,1,0,0,-1.0
-1,512300,EMERALDS,1,7,-7,0,1,0,0,-1.0
-1,513500,EMERALDS,1,7,-7,0,1,0,0,-1.0
-1,516200,TOMATOES,1,4,-4,0,1,0,0,-1.0
-1,516500,EMERALDS,1,6,6,1,0,0,0,1.0
-1,520100,TOMATOES,1,3,3,1,0,0,0,1.0
-1,520300,TOMATOES,1,2,-2,0,1,0,0,-1.0
-1,524900,EMERALDS,1,5,-5,0,1,0,0,-1.0
-1,525500,TOMATOES,1,4,-4,0,1,0,0,-1.0
-1,526400,TOMATOES,1,2,2,1,0,0,0,1.0
-1,532400,TOMATOES,1,5,5,1,0,0,0,1.0
-1,533600,EMERALDS,1,7,-7,0,1,0,0,-1.0
-1,534800,TOMATOES,1,5,-5,0,1,0,0,-1.0
-1,536100,TOMATOES,1,4,-4,0,1,0,0,-1.0
-1,536900,TOMATOES,1,2,2,1,0,0,0,1.0
-1,537800,TOMATOES,1,5,-5,0,1,0,0,-1.0
-1,538500,TOMATOES,1,4,4,1,0,0,0,1.0
-1,544100,TOMATOES,1,3,-3,0,1,0,0,-1.0
-1,546900,TOMATOES,1,2,-2,0,1,0,0,-1.0
-1,547600,TOMATOES,1,3,3,1,0,0,0,1.0
-1,548300,TOMATOES,1,3,-3,0,1,0,0,-1.0
-1,551300,TOMATOES,1,5,-5,0,1,0,0,-1.0
-1,552000,TOMATOES,1,2,-2,0,1,0,0,-1.0
-1,554200,TOMATOES,1,5,5,1,0,0,0,1.0
-1,555400,EMERALDS,1,4,4,1,0,0,0,1.0
-1,555500,EMERALDS,1,4,4,1,0,0,0,1.0
-1,558100,TOMATOES,1,4,-4,0,1,0,0,-1.0
-1,559100,TOMATOES,1,2,2,1,0,0,0,1.0
-1,559200,EMERALDS,1,7,7,1,0,0,0,1.0
-1,561800,TOMATOES,1,3,-3,0,1,0,0,-1.0
-1,562700,TOMATOES,1,4,-4,0,1,0,0,-1.0
-1,567700,EMERALDS,1,5,-5,0,1,0,0,-1.0
-1,568900,EMERALDS,1,5,-5,0,1,0,0,-1.0
-1,572200,EMERALDS,1,4,4,1,0,0,0,1.0
-1,575500,TOMATOES,1,5,-5,0,1,0,0,-1.0
-1,575900,EMERALDS,1,4,4,1,0,0,0,1.0
-1,575900,TOMATOES,1,5,-5,0,1,0,0,-1.0
-1,576200,TOMATOES,1,3,-3,0,1,0,0,-1.0
-1,576500,TOMATOES,1,2,-2,0,1,0,0,-1.0
-1,577000,EMERALDS,1,3,-3,0,1,0,0,-1.0
-1,578200,EMERALDS,1,3,3,1,0,0,0,1.0
-1,579400,TOMATOES,1,2,2,1,0,0,0,1.0
-1,579500,EMERALDS,1,5,-5,0,1,0,0,-1.0
-1,583400,TOMATOES,1,3,3,1,0,0,0,1.0
-1,585600,EMERALDS,1,4,4,1,0,0,0,1.0
-1,586600,TOMATOES,1,5,-5,0,1,0,0,-1.0
-1,587300,TOMATOES,1,2,-2,0,1,0,0,-1.0
-1,591700,TOMATOES,1,5,5,1,0,0,0,1.0
-1,593900,TOMATOES,1,3,-3,0,1,0,0,-1.0
-1,595100,TOMATOES,1,5,5,1,0,0,0,1.0
-1,595600,TOMATOES,1,3,3,1,0,0,0,1.0
-1,597400,EMERALDS,1,8,8,1,0,0,0,1.0
-1,598500,EMERALDS,1,3,-3,0,1,0,0,-1.0
-1,600000,TOMATOES,1,5,-5,0,1,0,0,-1.0
-1,601100,TOMATOES,1,3,3,1,0,0,0,1.0
-1,601500,EMERALDS,1,5,5,1,0,0,0,1.0
-1,602900,TOMATOES,1,5,-5,0,1,0,0,-1.0
-1,604600,TOMATOES,1,4,4,1,0,0,0,1.0
-1,604800,TOMATOES,1,4,-4,0,1,0,0,-1.0
-1,608100,TOMATOES,1,4,4,1,0,0,0,1.0
-1,609700,EMERALDS,1,6,-6,0,1,0,0,-1.0
-1,610700,EMERALDS,1,7,7,1,0,0,0,1.0
-1,611600,TOMATOES,1,4,4,1,0,0,0,1.0
-1,613800,TOMATOES,1,2,-2,0,1,0,0,-1.0
-1,615400,TOMATOES,1,5,-5,0,1,0,0,-1.0
-1,617500,TOMATOES,1,4,-4,0,1,0,0,-1.0
-1,618400,TOMATOES,1,3,-3,0,1,0,0,-1.0
-1,618900,TOMATOES,1,2,2,1,0,0,0,1.0
-1,619800,TOMATOES,1,4,-4,0,1,0,0,-1.0
-1,620900,TOMATOES,1,2,-2,0,1,0,0,-1.0
-1,625500,TOMATOES,1,2,2,1,0,0,0,1.0
-1,626600,TOMATOES,1,2,-2,0,1,0,0,-1.0
-1,627300,TOMATOES,1,2,2,1,0,0,0,1.0
-1,629300,TOMATOES,1,4,4,1,0,0,0,1.0
-1,629400,TOMATOES,1,3,3,1,0,0,0,1.0
-1,629500,EMERALDS,1,8,8,1,0,0,0,1.0
-1,630500,TOMATOES,1,3,-3,0,1,0,0,-1.0
-1,631100,EMERALDS,1,6,-6,0,1,0,0,-1.0
-1,631600,EMERALDS,1,4,-4,0,1,0,0,-1.0
-1,632500,EMERALDS,1,3,3,1,0,0,0,1.0
-1,632700,TOMATOES,1,3,3,1,0,0,0,1.0
-1,635200,TOMATOES,1,5,-5,0,1,0,0,-1.0
-1,635600,EMERALDS,1,4,-4,0,1,0,0,-1.0
-1,636500,TOMATOES,1,3,-3,0,1,0,0,-1.0
-1,642300,EMERALDS,1,3,-3,0,1,0,0,-1.0
-1,643400,EMERALDS,1,6,6,1,0,0,0,1.0
-1,643700,TOMATOES,1,2,2,1,0,0,0,1.0
-1,644600,TOMATOES,1,4,4,1,0,0,0,1.0
-1,646200,EMERALDS,1,8,8,1,0,0,0,1.0
-1,648600,TOMATOES,1,2,2,1,0,0,0,1.0
-1,650800,EMERALDS,1,6,-6,0,1,0,0,-1.0
-1,653400,TOMATOES,1,3,3,1,0,0,0,1.0
-1,655000,TOMATOES,1,4,4,1,0,0,0,1.0
-1,655500,TOMATOES,1,5,5,1,0,0,0,1.0
-1,657600,TOMATOES,1,5,-5,0,1,0,0,-1.0
-1,659700,TOMATOES,1,2,-2,0,1,0,0,-1.0
-1,662200,EMERALDS,1,8,-8,0,1,0,0,-1.0
-1,662700,EMERALDS,1,6,6,1,0,0,0,1.0
-1,664100,EMERALDS,1,6,6,1,0,0,0,1.0
-1,664800,TOMATOES,1,3,-3,0,1,0,0,-1.0
-1,665500,TOMATOES,1,3,3,1,0,0,0,1.0
-1,667000,EMERALDS,1,4,-4,0,1,0,0,-1.0
-1,667200,TOMATOES,1,4,4,1,0,0,0,1.0
-1,669400,TOMATOES,1,2,2,1,0,0,0,1.0
-1,672000,EMERALDS,1,7,7,1,0,0,0,1.0
-1,673600,TOMATOES,1,4,-4,0,1,0,0,-1.0
-1,674600,EMERALDS,1,5,-5,0,1,0,0,-1.0
-1,674700,TOMATOES,1,3,-3,0,1,0,0,-1.0
-1,680100,EMERALDS,1,8,-8,0,1,0,0,-1.0
-1,681100,EMERALDS,1,8,-8,0,1,0,0,-1.0
-1,681400,EMERALDS,1,5,-5,0,1,0,0,-1.0
-1,682700,TOMATOES,1,2,-2,0,1,0,0,-1.0
-1,686600,TOMATOES,1,4,-4,0,1,0,0,-1.0
-1,687200,TOMATOES,1,2,-2,0,1,0,0,-1.0
-1,690700,TOMATOES,1,2,2,1,0,0,0,1.0
-1,690800,EMERALDS,1,3,-3,0,1,0,0,-1.0
-1,697100,TOMATOES,1,5,-5,0,1,0,0,-1.0
-1,699400,EMERALDS,1,6,6,1,0,0,0,1.0
-1,705800,EMERALDS,1,3,3,1,0,0,0,1.0
-1,706000,TOMATOES,1,4,-4,0,1,0,0,-1.0
-1,708700,TOMATOES,1,5,-5,0,1,0,0,-1.0
-1,709800,TOMATOES,1,3,-3,0,1,0,0,-1.0
-1,710900,EMERALDS,1,6,-6,0,1,0,0,-1.0
-1,712800,TOMATOES,1,4,-4,0,1,0,0,-1.0
-1,713600,EMERALDS,1,3,3,1,0,0,0,1.0
-1,714900,TOMATOES,1,5,5,1,0,0,0,1.0
-1,715500,TOMATOES,1,2,2,1,0,0,0,1.0
-1,718300,TOMATOES,1,2,-2,0,1,0,0,-1.0
-1,718500,TOMATOES,1,3,-3,0,1,0,0,-1.0
-1,719500,TOMATOES,1,3,3,1,0,0,0,1.0
-1,720800,TOMATOES,1,2,-2,0,1,0,0,-1.0
-1,721100,TOMATOES,1,3,-3,0,1,0,0,-1.0
-1,722000,TOMATOES,1,2,2,1,0,0,0,1.0
-1,722200,EMERALDS,1,4,4,1,0,0,0,1.0
-1,722400,TOMATOES,1,4,4,1,0,0,0,1.0
-1,724900,TOMATOES,1,5,5,1,0,0,0,1.0
-1,726500,TOMATOES,1,3,-3,0,1,0,0,-1.0
-1,727400,EMERALDS,1,5,5,1,0,0,0,1.0
-1,732600,EMERALDS,1,7,7,1,0,0,0,1.0
-1,733000,TOMATOES,1,3,-3,0,1,0,0,-1.0
-1,733900,TOMATOES,1,5,-5,0,1,0,0,-1.0
-1,734000,TOMATOES,1,2,-2,0,1,0,0,-1.0
-1,735100,TOMATOES,1,4,-4,0,1,0,0,-1.0
-1,735900,TOMATOES,1,4,4,1,0,0,0,1.0
-1,736200,TOMATOES,1,2,-2,0,1,0,0,-1.0
-1,738100,EMERALDS,1,5,-5,0,1,0,0,-1.0
-1,738700,EMERALDS,1,5,5,1,0,0,0,1.0
-1,741500,TOMATOES,1,4,4,1,0,0,0,1.0
-1,744500,EMERALDS,1,4,-4,0,1,0,0,-1.0
-1,747700,TOMATOES,1,3,-3,0,1,0,0,-1.0
-1,748500,TOMATOES,1,5,5,1,0,0,0,1.0
-1,748600,EMERALDS,1,6,6,1,0,0,0,1.0
-1,750100,TOMATOES,1,3,3,1,0,0,0,1.0
-1,750500,TOMATOES,1,3,-3,0,1,0,0,-1.0
-1,751800,EMERALDS,1,3,3,1,0,0,0,1.0
-1,751800,TOMATOES,1,4,4,1,0,0,0,1.0
-1,752200,TOMATOES,1,3,3,1,0,0,0,1.0
-1,753700,EMERALDS,1,3,3,1,0,0,0,1.0
-1,756500,EMERALDS,1,5,5,1,0,0,0,1.0
-1,757300,EMERALDS,1,6,6,1,0,0,0,1.0
-1,757900,TOMATOES,1,2,2,1,0,0,0,1.0
-1,758600,TOMATOES,1,2,-2,0,1,0,0,-1.0
-1,759900,EMERALDS,1,4,-4,0,1,0,0,-1.0
-1,760100,EMERALDS,1,8,8,1,0,0,0,1.0
-1,762200,TOMATOES,1,5,-5,0,1,0,0,-1.0
-1,762400,EMERALDS,1,7,7,1,0,0,0,1.0
-1,762500,TOMATOES,1,4,4,1,0,0,0,1.0
-1,764200,EMERALDS,1,8,8,1,0,0,0,1.0
-1,767200,TOMATOES,1,3,3,1,0,0,0,1.0
-1,768100,TOMATOES,1,3,-3,0,1,0,0,-1.0
-1,768500,TOMATOES,1,2,2,1,0,0,0,1.0
-1,768800,TOMATOES,1,4,-4,0,1,0,0,-1.0
-1,774400,TOMATOES,1,3,3,1,0,0,0,1.0
-1,778700,TOMATOES,1,2,2,1,0,0,0,1.0
-1,779100,TOMATOES,1,4,4,1,0,0,0,1.0
-1,780500,TOMATOES,1,3,3,1,0,0,0,1.0
-1,781400,EMERALDS,1,6,-6,0,1,0,0,-1.0
-1,782800,TOMATOES,1,3,-3,0,1,0,0,-1.0
-1,785400,TOMATOES,1,2,2,1,0,0,0,1.0
-1,785800,EMERALDS,1,6,-6,0,1,0,0,-1.0
-1,789300,TOMATOES,1,5,5,1,0,0,0,1.0
-1,791600,TOMATOES,1,3,-3,0,1,0,0,-1.0
-1,792000,TOMATOES,1,3,-3,0,1,0,0,-1.0
-1,792200,EMERALDS,1,4,-4,0,1,0,0,-1.0
-1,792400,TOMATOES,1,5,-5,0,1,0,0,-1.0
-1,792800,TOMATOES,1,3,3,1,0,0,0,1.0
-1,795800,TOMATOES,1,4,-4,0,1,0,0,-1.0
-1,798200,TOMATOES,1,5,-5,0,1,0,0,-1.0
-1,800600,EMERALDS,1,5,5,1,0,0,0,1.0
-1,803500,TOMATOES,1,4,4,1,0,0,0,1.0
-1,804100,TOMATOES,1,5,-5,0,1,0,0,-1.0
-1,805400,TOMATOES,1,5,-5,0,1,0,0,-1.0
-1,807500,TOMATOES,1,4,-4,0,1,0,0,-1.0
-1,809700,TOMATOES,1,4,-4,0,1,0,0,-1.0
-1,809800,TOMATOES,1,3,3,1,0,0,0,1.0
-1,810900,EMERALDS,1,8,-8,0,1,0,0,-1.0
-1,815200,EMERALDS,1,3,-3,0,1,0,0,-1.0
-1,816000,TOMATOES,1,2,2,1,0,0,0,1.0
-1,816300,TOMATOES,1,2,2,1,0,0,0,1.0
-1,816400,TOMATOES,1,3,3,1,0,0,0,1.0
-1,816600,TOMATOES,1,2,2,1,0,0,0,1.0
-1,817300,EMERALDS,1,6,-6,0,1,0,0,-1.0
-1,817900,TOMATOES,1,3,-3,0,1,0,0,-1.0
-1,818400,TOMATOES,1,2,-2,0,1,0,0,-1.0
-1,822000,EMERALDS,1,3,-3,0,1,0,0,-1.0
-1,826000,TOMATOES,1,2,2,1,0,0,0,1.0
-1,827400,TOMATOES,1,2,2,1,0,0,0,1.0
-1,828100,EMERALDS,1,7,7,1,0,0,0,1.0
-1,829700,TOMATOES,1,2,2,1,0,0,0,1.0
-1,830800,TOMATOES,1,2,-2,0,1,0,0,-1.0
-1,830900,TOMATOES,1,4,-4,0,1,0,0,-1.0
-1,831900,TOMATOES,1,5,-5,0,1,0,0,-1.0
-1,832300,EMERALDS,1,3,3,1,0,0,0,1.0
-1,832400,TOMATOES,1,3,-3,0,1,0,0,-1.0
-1,834800,EMERALDS,1,7,-7,0,1,0,0,-1.0
-1,840800,TOMATOES,1,2,2,1,0,0,0,1.0
-1,842700,EMERALDS,1,6,6,1,0,0,0,1.0
-1,846500,TOMATOES,1,2,-2,0,1,0,0,-1.0
-1,847600,TOMATOES,1,5,-5,0,1,0,0,-1.0
-1,848100,EMERALDS,1,8,8,1,0,0,0,1.0
-1,848400,TOMATOES,1,3,3,1,0,0,0,1.0
-1,850100,EMERALDS,1,5,-5,0,1,0,0,-1.0
-1,854500,TOMATOES,1,3,3,1,0,0,0,1.0
-1,858300,TOMATOES,1,5,-5,0,1,0,0,-1.0
-1,858700,TOMATOES,1,4,-4,0,1,0,0,-1.0
-1,861100,TOMATOES,1,2,2,1,0,0,0,1.0
-1,862500,TOMATOES,1,5,5,1,0,0,0,1.0
-1,862700,EMERALDS,1,6,6,1,0,0,0,1.0
-1,863700,EMERALDS,1,6,-6,0,1,0,0,-1.0
-1,864500,EMERALDS,1,7,-7,0,1,0,0,-1.0
-1,864600,EMERALDS,1,5,5,1,0,0,0,1.0
-1,865700,TOMATOES,1,5,5,1,0,0,0,1.0
-1,866200,TOMATOES,1,2,-2,0,1,0,0,-1.0
-1,868100,TOMATOES,1,4,4,1,0,0,0,1.0
-1,869800,TOMATOES,1,3,-3,0,1,0,0,-1.0
-1,870700,EMERALDS,1,5,5,1,0,0,0,1.0
-1,874400,TOMATOES,1,3,-3,0,1,0,0,-1.0
-1,875500,TOMATOES,1,5,-5,0,1,0,0,-1.0
-1,875800,EMERALDS,1,6,6,1,0,0,0,1.0
-1,877100,TOMATOES,1,4,-4,0,1,0,0,-1.0
-1,881200,EMERALDS,1,8,-8,0,1,0,0,-1.0
-1,881400,EMERALDS,1,7,-7,0,1,0,0,-1.0
-1,883400,EMERALDS,1,5,5,1,0,0,0,1.0
-1,885900,EMERALDS,1,4,-4,0,1,0,0,-1.0
-1,885900,TOMATOES,1,4,4,1,0,0,0,1.0
-1,886500,TOMATOES,1,3,3,1,0,0,0,1.0
-1,886900,TOMATOES,1,4,-4,0,1,0,0,-1.0
-1,890500,TOMATOES,1,4,-4,0,1,0,0,-1.0
-1,893100,TOMATOES,1,2,-2,0,1,0,0,-1.0
-1,894400,EMERALDS,1,4,4,1,0,0,0,1.0
-1,899100,TOMATOES,1,3,-3,0,1,0,0,-1.0
-1,900100,TOMATOES,1,4,4,1,0,0,0,1.0
-1,900200,EMERALDS,1,8,8,1,0,0,0,1.0
-1,900300,TOMATOES,1,2,-2,0,1,0,0,-1.0
-1,900900,TOMATOES,1,3,-3,0,1,0,0,-1.0
-1,904500,EMERALDS,1,3,-3,0,1,0,0,-1.0
-1,905000,EMERALDS,1,7,7,1,0,0,0,1.0
-1,905600,EMERALDS,1,5,5,1,0,0,0,1.0
-1,908200,TOMATOES,1,4,-4,0,1,0,0,-1.0
-1,909100,EMERALDS,1,6,-6,0,1,0,0,-1.0
-1,909200,TOMATOES,1,2,2,1,0,0,0,1.0
-1,909400,EMERALDS,1,4,-4,0,1,0,0,-1.0
-1,911100,TOMATOES,1,3,3,1,0,0,0,1.0
-1,911500,TOMATOES,1,2,-2,0,1,0,0,-1.0
-1,912500,TOMATOES,1,4,4,1,0,0,0,1.0
-1,913800,TOMATOES,1,5,-5,0,1,0,0,-1.0
-1,914300,TOMATOES,1,2,2,1,0,0,0,1.0
-1,915100,EMERALDS,1,3,-3,0,1,0,0,-1.0
-1,920000,TOMATOES,1,4,-4,0,1,0,0,-1.0
-1,924600,EMERALDS,1,4,4,1,0,0,0,1.0
-1,925200,TOMATOES,1,3,3,1,0,0,0,1.0
-1,925500,TOMATOES,1,2,2,1,0,0,0,1.0
-1,925800,TOMATOES,1,2,-2,0,1,0,0,-1.0
-1,926600,TOMATOES,1,3,3,1,0,0,0,1.0
-1,928700,EMERALDS,1,5,5,1,0,0,0,1.0
-1,929200,TOMATOES,1,4,4,1,0,0,0,1.0
-1,931900,EMERALDS,1,3,3,1,0,0,0,1.0
-1,933700,TOMATOES,1,5,5,1,0,0,0,1.0
-1,935000,TOMATOES,1,2,2,1,0,0,0,1.0
-1,938200,TOMATOES,1,5,5,1,0,0,0,1.0
-1,940100,EMERALDS,1,4,4,1,0,0,0,1.0
-1,940200,TOMATOES,1,5,5,1,0,0,0,1.0
-1,940300,TOMATOES,1,2,-2,0,1,0,0,-1.0
-1,940900,EMERALDS,1,6,-6,0,1,0,0,-1.0
-1,941400,EMERALDS,1,7,7,1,0,0,0,1.0
-1,948000,TOMATOES,1,3,-3,0,1,0,0,-1.0
-1,950400,TOMATOES,1,3,3,1,0,0,0,1.0
-1,951800,TOMATOES,1,2,-2,0,1,0,0,-1.0
-1,952000,EMERALDS,1,6,-6,0,1,0,0,-1.0
-1,954400,EMERALDS,1,8,8,1,0,0,0,1.0
-1,955600,EMERALDS,1,3,-3,0,1,0,0,-1.0
-1,957600,TOMATOES,1,5,-5,0,1,0,0,-1.0
-1,967400,TOMATOES,1,5,5,1,0,0,0,1.0
-1,968200,EMERALDS,1,6,6,1,0,0,0,1.0
-1,969600,EMERALDS,1,6,6,1,0,0,0,1.0
-1,969700,TOMATOES,1,3,3,1,0,0,0,1.0
-1,972900,EMERALDS,1,5,-5,0,1,0,0,-1.0
-1,973400,EMERALDS,1,8,8,1,0,0,0,1.0
-1,977900,TOMATOES,1,5,-5,0,1,0,0,-1.0
-1,979000,TOMATOES,1,5,5,1,0,0,0,1.0
-1,979200,EMERALDS,1,6,6,1,0,0,0,1.0
-1,982500,TOMATOES,1,3,-3,0,1,0,0,-1.0
-1,982900,EMERALDS,1,6,6,1,0,0,0,1.0
-1,983800,EMERALDS,1,3,3,1,0,0,0,1.0
-1,985100,TOMATOES,1,2,-2,0,1,0,0,-1.0
-1,985600,EMERALDS,1,6,6,1,0,0,0,1.0
-1,993000,TOMATOES,1,2,2,1,0,0,0,1.0
-1,995600,TOMATOES,1,3,3,1,0,0,0,1.0
