timestamp,buyer,seller,symbol,currency,price,quantity,day,source_file
900,,,TOMATOES,XIRECS,5008.0,2,-2,trades_round_0_day_-2.csv
1700,,,TOMATOES,XIRECS,5006.0,3,-2,trades_round_0_day_-2.csv
4000,,,EMERALDS,XIRECS,10008.0,7,-2,trades_round_0_day_-2.csv
4100,,,TOMATOES,XIRECS,5002.0,3,-2,trades_round_0_day_-2.csv
5200,,,EMERALDS,XIRECS,9992.0,5,-2,trades_round_0_day_-2.csv
6700,,,TOMATOES,XIRECS,4988.0,5,-2,trades_round_0_day_-2.csv
7100,,,TOMATOES,XIRECS,5000.0,3,-2,trades_round_0_day_-2.csv
10500,,,EMERALDS,XIRECS,10008.0,5,-2,trades_round_0_day_-2.csv
11200,,,TOMATOES,XIRECS,4985.0,4,-2,trades_round_0_day_-2.csv
11300,,,EMERALDS,XIRECS,9992.0,3,-2,trades_round_0_day_-2.csv
12700,,,TOMATOES,XIRECS,4999.0,2,-2,trades_round_0_day_-2.csv
13600,,,TOMATOES,XIRECS,4991.0,2,-2,trades_round_0_day_-2.csv
14100,,,TOMATOES,XIRECS,4998.0,2,-2,trades_round_0_day_-2.csv
17100,,,TOMATOES,XIRECS,4986.0,4,-2,trades_round_0_day_-2.csv
17800,,,TOMATOES,XIRECS,4986.0,5,-2,trades_round_0_day_-2.csv
18000,,,TOMATOES,XIRECS,4990.0,3,-2,trades_round_0_day_-2.csv
22800,,,EMERALDS,XIRECS,10000.0,6,-2,trades_round_0_day_-2.csv
24000,,,TOMATOES,XIRECS,5001.0,5,-2,trades_round_0_day_-2.csv
27300,,,TOMATOES,XIRECS,4988.0,5,-2,trades_round_0_day_-2.csv
32700,,,TOMATOES,XIRECS,5004.0,3,-2,trades_round_0_day_-2.csv
35600,,,EMERALDS,XIRECS,9992.0,5,-2,trades_round_0_day_-2.csv
38300,,,EMERALDS,XIRECS,10008.0,4,-2,trades_round_0_day_-2.csv
38800,,,EMERALDS,XIRECS,9992.0,6,-2,trades_round_0_day_-2.csv
39000,,,TOMATOES,XIRECS,5005.0,5,-2,trades_round_0_day_-2.csv
41700,,,TOMATOES,XIRECS,4989.0,2,-2,trades_round_0_day_-2.csv
42100,,,EMERALDS,XIRECS,10008.0,8,-2,trades_round_0_day_-2.csv
43200,,,TOMATOES,XIRECS,4991.0,3,-2,trades_round_0_day_-2.csv
45700,,,EMERALDS,XIRECS,10008.0,4,-2,trades_round_0_day_-2.csv
47000,,,EMERALDS,XIRECS,10008.0,4,-2,trades_round_0_day_-2.csv
51500,,,TOMATOES,XIRECS,4998.0,2,-2,trades_round_0_day_-2.csv
53500,,,EMERALDS,XIRECS,9992.0,6,-2,trades_round_0_day_-2.csv
62900,,,EMERALDS,XIRECS,10008.0,5,-2,trades_round_0_day_-2.csv
65000,,,TOMATOES,XIRECS,5017.0,5,-2,trades_round_0_day_-2.csv
65500,,,EMERALDS,XIRECS,9992.0,5,-2,trades_round_0_day_-2.csv
67000,,,TOMATOES,XIRECS,5020.0,5,-2,trades_round_0_day_-2.csv
68300,,,TOMATOES,XIRECS,5021.0,2,-2,trades_round_0_day_-2.csv
68700,,,TOMATOES,XIRECS,5020.0,4,-2,trades_round_0_day_-2.csv
69000,,,TOMATOES,XIRECS,5005.0,5,-2,trades_round_0_day_-2.csv
73400,,,TOMATOES,XIRECS,5022.0,5,-2,trades_round_0_day_-2.csv
84300,,,EMERALDS,XIRECS,9992.0,8,-2,trades_round_0_day_-2.csv
91000,,,EMERALDS,XIRECS,10008.0,3,-2,trades_round_0_day_-2.csv
92800,,,EMERALDS,XIRECS,9992.0,6,-2,trades_round_0_day_-2.csv
93000,,,TOMATOES,XIRECS,5011.0,5,-2,trades_round_0_day_-2.csv
93300,,,TOMATOES,XIRECS,5010.0,3,-2,trades_round_0_day_-2.csv
98800,,,TOMATOES,XIRECS,5024.0,3,-2,trades_round_0_day_-2.csv
99600,,,TOMATOES,XIRECS,5024.0,4,-2,trades_round_0_day_-2.csv
103000,,,TOMATOES,XIRECS,5013.0,3,-2,trades_round_0_day_-2.csv
104300,,,EMERALDS,XIRECS,10008.0,6,-2,trades_round_0_day_-2.csv
104600,,,TOMATOES,XIRECS,5012.0,3,-2,trades_round_0_day_-2.csv
111900,,,EMERALDS,XIRECS,9992.0,7,-2,trades_round_0_day_-2.csv
112000,,,TOMATOES,XIRECS,5016.0,5,-2,trades_round_0_day_-2.csv
114400,,,TOMATOES,XIRECS,5014.0,2,-2,trades_round_0_day_-2.csv
115300,,,TOMATOES,XIRECS,5013.0,4,-2,trades_round_0_day_-2.csv
115500,,,TOMATOES,XIRECS,5025.0,3,-2,trades_round_0_day_-2.csv
116900,,,TOMATOES,XIRECS,5017.0,3,-2,trades_round_0_day_-2.csv
117800,,,TOMATOES,XIRECS,5018.0,3,-2,trades_round_0_day_-2.csv
119100,,,TOMATOES,XIRECS,5024.0,5,-2,trades_round_0_day_-2.csv
120700,,,EMERALDS,XIRECS,9992.0,8,-2,trades_round_0_day_-2.csv
120700,,,TOMATOES,XIRECS,5024.0,2,-2,trades_round_0_day_-2.csv
121200,,,TOMATOES,XIRECS,5011.0,5,-2,trades_round_0_day_-2.csv
121800,,,TOMATOES,XIRECS,5027.0,4,-2,trades_round_0_day_-2.csv
122400,,,TOMATOES,XIRECS,5029.0,5,-2,trades_round_0_day_-2.csv
123000,,,EMERALDS,XIRECS,9992.0,8,-2,trades_round_0_day_-2.csv
125300,,,TOMATOES,XIRECS,5012.0,4,-2,trades_round_0_day_-2.csv
125900,,,EMERALDS,XIRECS,9992.0,4,-2,trades_round_0_day_-2.csv
127200,,,EMERALDS,XIRECS,10008.0,7,-2,trades_round_0_day_-2.csv
127400,,,TOMATOES,XIRECS,5011.0,2,-2,trades_round_0_day_-2.csv
129700,,,EMERALDS,XIRECS,9992.0,3,-2,trades_round_0_day_-2.csv
131400,,,TOMATOES,XIRECS,5020.0,2,-2,trades_round_0_day_-2.csv
131900,,,TOMATOES,XIRECS,5019.0,2,-2,trades_round_0_day_-2.csv
132600,,,EMERALDS,XIRECS,10008.0,5,-2,trades_round_0_day_-2.csv
133800,,,TOMATOES,XIRECS,5016.0,2,-2,trades_round_0_day_-2.csv
137000,,,TOMATOES,XIRECS,5003.0,4,-2,trades_round_0_day_-2.csv
139800,,,TOMATOES,XIRECS,5014.0,3,-2,trades_round_0_day_-2.csv
140400,,,EMERALDS,XIRECS,10008.0,8,-2,trades_round_0_day_-2.csv
140600,,,EMERALDS,XIRECS,9992.0,5,-2,trades_round_0_day_-2.csv
143400,,,TOMATOES,XIRECS,5000.0,2,-2,trades_round_0_day_-2.csv
143800,,,EMERALDS,XIRECS,10008.0,5,-2,trades_round_0_day_-2.csv
147200,,,TOMATOES,XIRECS,5009.0,4,-2,trades_round_0_day_-2.csv
147600,,,TOMATOES,XIRECS,5008.0,4,-2,trades_round_0_day_-2.csv
149200,,,EMERALDS,XIRECS,9992.0,8,-2,trades_round_0_day_-2.csv
153300,,,TOMATOES,XIRECS,4996.0,3,-2,trades_round_0_day_-2.csv
156400,,,EMERALDS,XIRECS,9992.0,6,-2,trades_round_0_day_-2.csv
157200,,,TOMATOES,XIRECS,5007.0,3,-2,trades_round_0_day_-2.csv
158700,,,TOMATOES,XIRECS,4991.0,2,-2,trades_round_0_day_-2.csv
159600,,,EMERALDS,XIRECS,9992.0,8,-2,trades_round_0_day_-2.csv
159700,,,EMERALDS,XIRECS,10008.0,8,-2,trades_round_0_day_-2.csv
159900,,,EMERALDS,XIRECS,10008.0,8,-2,trades_round_0_day_-2.csv
164000,,,EMERALDS,XIRECS,9992.0,3,-2,trades_round_0_day_-2.csv
164200,,,TOMATOES,XIRECS,4988.0,5,-2,trades_round_0_day_-2.csv
165500,,,TOMATOES,XIRECS,4991.0,3,-2,trades_round_0_day_-2.csv
165700,,,TOMATOES,XIRECS,4990.0,3,-2,trades_round_0_day_-2.csv
167200,,,TOMATOES,XIRECS,4992.0,2,-2,trades_round_0_day_-2.csv
168900,,,TOMATOES,XIRECS,5006.0,2,-2,trades_round_0_day_-2.csv
174400,,,TOMATOES,XIRECS,4991.0,5,-2,trades_round_0_day_-2.csv
175800,,,TOMATOES,XIRECS,5001.0,5,-2,trades_round_0_day_-2.csv
177100,,,TOMATOES,XIRECS,4988.0,3,-2,trades_round_0_day_-2.csv
178600,,,EMERALDS,XIRECS,9992.0,5,-2,trades_round_0_day_-2.csv
179200,,,TOMATOES,XIRECS,5000.0,2,-2,trades_round_0_day_-2.csv
179400,,,TOMATOES,XIRECS,5000.0,2,-2,trades_round_0_day_-2.csv
182800,,,TOMATOES,XIRECS,5001.0,5,-2,trades_round_0_day_-2.csv
183100,,,TOMATOES,XIRECS,4986.0,2,-2,trades_round_0_day_-2.csv
183700,,,TOMATOES,XIRECS,4986.0,4,-2,trades_round_0_day_-2.csv
183900,,,TOMATOES,XIRECS,5000.0,2,-2,trades_round_0_day_-2.csv
184800,,,TOMATOES,XIRECS,4991.0,2,-2,trades_round_0_day_-2.csv
185200,,,TOMATOES,XIRECS,4985.0,4,-2,trades_round_0_day_-2.csv
187600,,,TOMATOES,XIRECS,4989.0,4,-2,trades_round_0_day_-2.csv
188000,,,TOMATOES,XIRECS,5002.0,3,-2,trades_round_0_day_-2.csv
191400,,,TOMATOES,XIRECS,5003.0,5,-2,trades_round_0_day_-2.csv
192400,,,TOMATOES,XIRECS,4991.0,5,-2,trades_round_0_day_-2.csv
192900,,,EMERALDS,XIRECS,10008.0,8,-2,trades_round_0_day_-2.csv
193400,,,TOMATOES,XIRECS,5005.0,2,-2,trades_round_0_day_-2.csv
193500,,,TOMATOES,XIRECS,4991.0,3,-2,trades_round_0_day_-2.csv
193700,,,EMERALDS,XIRECS,9992.0,5,-2,trades_round_0_day_-2.csv
194100,,,EMERALDS,XIRECS,9992.0,5,-2,trades_round_0_day_-2.csv
197100,,,TOMATOES,XIRECS,4991.0,3,-2,trades_round_0_day_-2.csv
202400,,,TOMATOES,XIRECS,4993.0,5,-2,trades_round_0_day_-2.csv
203900,,,TOMATOES,XIRECS,5007.0,5,-2,trades_round_0_day_-2.csv
204100,,,TOMATOES,XIRECS,5007.0,3,-2,trades_round_0_day_-2.csv
207600,,,EMERALDS,XIRECS,10008.0,3,-2,trades_round_0_day_-2.csv
209300,,,EMERALDS,XIRECS,10000.0,3,-2,trades_round_0_day_-2.csv
209300,,,TOMATOES,XIRECS,4996.0,4,-2,trades_round_0_day_-2.csv
209600,,,TOMATOES,XIRECS,4995.0,2,-2,trades_round_0_day_-2.csv
209900,,,EMERALDS,XIRECS,9992.0,8,-2,trades_round_0_day_-2.csv
210200,,,TOMATOES,XIRECS,4995.0,4,-2,trades_round_0_day_-2.csv
211000,,,TOMATOES,XIRECS,4996.0,4,-2,trades_round_0_day_-2.csv
211800,,,TOMATOES,XIRECS,5009.0,2,-2,trades_round_0_day_-2.csv
211900,,,EMERALDS,XIRECS,9992.0,6,-2,trades_round_0_day_-2.csv
211900,,,TOMATOES,XIRECS,4996.0,4,-2,trades_round_0_day_-2.csv
215200,,,EMERALDS,XIRECS,9992.0,7,-2,trades_round_0_day_-2.csv
217300,,,EMERALDS,XIRECS,9992.0,3,-2,trades_round_0_day_-2.csv
217700,,,TOMATOES,XIRECS,5005.0,3,-2,trades_round_0_day_-2.csv
218700,,,TOMATOES,XIRECS,4991.0,4,-2,trades_round_0_day_-2.csv
225900,,,TOMATOES,XIRECS,5006.0,3,-2,trades_round_0_day_-2.csv
232400,,,EMERALDS,XIRECS,9992.0,5,-2,trades_round_0_day_-2.csv
233400,,,TOMATOES,XIRECS,5004.0,2,-2,trades_round_0_day_-2.csv
233500,,,TOMATOES,XIRECS,4990.0,2,-2,trades_round_0_day_-2.csv
233700,,,TOMATOES,XIRECS,4990.0,4,-2,trades_round_0_day_-2.csv
235100,,,TOMATOES,XIRECS,4991.0,5,-2,trades_round_0_day_-2.csv
236900,,,EMERALDS,XIRECS,9992.0,6,-2,trades_round_0_day_-2.csv
243000,,,TOMATOES,XIRECS,4988.0,3,-2,trades_round_0_day_-2.csv
244200,,,EMERALDS,XIRECS,9992.0,3,-2,trades_round_0_day_-2.csv
245500,,,TOMATOES,XIRECS,5002.0,5,-2,trades_round_0_day_-2.csv
247400,,,TOMATOES,XIRECS,4991.0,4,-2,trades_round_0_day_-2.csv
250200,,,TOMATOES,XIRECS,4992.0,3,-2,trades_round_0_day_-2.csv
255300,,,EMERALDS,XIRECS,9992.0,6,-2,trades_round_0_day_-2.csv
255800,,,TOMATOES,XIRECS,4997.0,3,-2,trades_round_0_day_-2.csv
257600,,,TOMATOES,XIRECS,4989.0,2,-2,trades_round_0_day_-2.csv
258100,,,TOMATOES,XIRECS,5002.0,3,-2,trades_round_0_day_-2.csv
258200,,,TOMATOES,XIRECS,5002.0,4,-2,trades_round_0_day_-2.csv
259000,,,TOMATOES,XIRECS,5001.0,3,-2,trades_round_0_day_-2.csv
259700,,,TOMATOES,XIRECS,4988.0,2,-2,trades_round_0_day_-2.csv
259900,,,TOMATOES,XIRECS,5002.0,3,-2,trades_round_0_day_-2.csv
260200,,,TOMATOES,XIRECS,4989.0,3,-2,trades_round_0_day_-2.csv
260800,,,TOMATOES,XIRECS,4989.0,4,-2,trades_round_0_day_-2.csv
261400,,,EMERALDS,XIRECS,10008.0,3,-2,trades_round_0_day_-2.csv
263300,,,EMERALDS,XIRECS,9992.0,3,-2,trades_round_0_day_-2.csv
263400,,,TOMATOES,XIRECS,5004.0,2,-2,trades_round_0_day_-2.csv
263500,,,TOMATOES,XIRECS,4991.0,3,-2,trades_round_0_day_-2.csv
264200,,,EMERALDS,XIRECS,9992.0,3,-2,trades_round_0_day_-2.csv
271100,,,EMERALDS,XIRECS,10008.0,3,-2,trades_round_0_day_-2.csv
272600,,,TOMATOES,XIRECS,5008.0,4,-2,trades_round_0_day_-2.csv
273100,,,EMERALDS,XIRECS,9992.0,6,-2,trades_round_0_day_-2.csv
274200,,,TOMATOES,XIRECS,5012.0,2,-2,trades_round_0_day_-2.csv
275200,,,TOMATOES,XIRECS,5013.0,2,-2,trades_round_0_day_-2.csv
275500,,,TOMATOES,XIRECS,5013.0,2,-2,trades_round_0_day_-2.csv
276900,,,TOMATOES,XIRECS,4998.0,4,-2,trades_round_0_day_-2.csv
277700,,,EMERALDS,XIRECS,10000.0,5,-2,trades_round_0_day_-2.csv
278500,,,EMERALDS,XIRECS,10008.0,5,-2,trades_round_0_day_-2.csv
280900,,,TOMATOES,XIRECS,5008.0,4,-2,trades_round_0_day_-2.csv
281200,,,TOMATOES,XIRECS,5016.0,5,-2,trades_round_0_day_-2.csv
282200,,,TOMATOES,XIRECS,5016.0,4,-2,trades_round_0_day_-2.csv
283400,,,TOMATOES,XIRECS,5001.0,5,-2,trades_round_0_day_-2.csv
286300,,,TOMATOES,XIRECS,5002.0,2,-2,trades_round_0_day_-2.csv
289600,,,EMERALDS,XIRECS,10008.0,4,-2,trades_round_0_day_-2.csv
289600,,,TOMATOES,XIRECS,4995.0,3,-2,trades_round_0_day_-2.csv
292200,,,TOMATOES,XIRECS,5008.0,5,-2,trades_round_0_day_-2.csv
298300,,,TOMATOES,XIRECS,5008.0,3,-2,trades_round_0_day_-2.csv
298800,,,EMERALDS,XIRECS,10008.0,5,-2,trades_round_0_day_-2.csv
302300,,,EMERALDS,XIRECS,10008.0,5,-2,trades_round_0_day_-2.csv
305800,,,EMERALDS,XIRECS,10008.0,7,-2,trades_round_0_day_-2.csv
307300,,,TOMATOES,XIRECS,4998.0,4,-2,trades_round_0_day_-2.csv
307700,,,EMERALDS,XIRECS,10008.0,4,-2,trades_round_0_day_-2.csv
308300,,,EMERALDS,XIRECS,9992.0,5,-2,trades_round_0_day_-2.csv
308400,,,EMERALDS,XIRECS,10008.0,6,-2,trades_round_0_day_-2.csv
308500,,,EMERALDS,XIRECS,9992.0,4,-2,trades_round_0_day_-2.csv
311300,,,TOMATOES,XIRECS,4996.0,3,-2,trades_round_0_day_-2.csv
311600,,,TOMATOES,XIRECS,4996.0,4,-2,trades_round_0_day_-2.csv
313700,,,TOMATOES,XIRECS,5009.0,4,-2,trades_round_0_day_-2.csv
316800,,,TOMATOES,XIRECS,5010.0,4,-2,trades_round_0_day_-2.csv
322400,,,TOMATOES,XIRECS,5013.0,5,-2,trades_round_0_day_-2.csv
322500,,,TOMATOES,XIRECS,4999.0,3,-2,trades_round_0_day_-2.csv
324200,,,EMERALDS,XIRECS,9992.0,4,-2,trades_round_0_day_-2.csv
324400,,,EMERALDS,XIRECS,10008.0,4,-2,trades_round_0_day_-2.csv
324600,,,EMERALDS,XIRECS,10008.0,6,-2,trades_round_0_day_-2.csv
325400,,,EMERALDS,XIRECS,9992.0,4,-2,trades_round_0_day_-2.csv
330500,,,TOMATOES,XIRECS,5006.0,3,-2,trades_round_0_day_-2.csv
331600,,,EMERALDS,XIRECS,9992.0,6,-2,trades_round_0_day_-2.csv
332500,,,EMERALDS,XIRECS,9992.0,4,-2,trades_round_0_day_-2.csv
332500,,,TOMATOES,XIRECS,5007.0,4,-2,trades_round_0_day_-2.csv
332600,,,TOMATOES,XIRECS,5020.0,4,-2,trades_round_0_day_-2.csv
334400,,,TOMATOES,XIRECS,5021.0,3,-2,trades_round_0_day_-2.csv
335100,,,TOMATOES,XIRECS,5021.0,5,-2,trades_round_0_day_-2.csv
335500,,,EMERALDS,XIRECS,10008.0,4,-2,trades_round_0_day_-2.csv
337000,,,TOMATOES,XIRECS,5023.0,4,-2,trades_round_0_day_-2.csv
340000,,,TOMATOES,XIRECS,5008.0,4,-2,trades_round_0_day_-2.csv
342000,,,TOMATOES,XIRECS,5005.0,2,-2,trades_round_0_day_-2.csv
345300,,,EMERALDS,XIRECS,9992.0,5,-2,trades_round_0_day_-2.csv
345400,,,TOMATOES,XIRECS,5020.0,5,-2,trades_round_0_day_-2.csv
349400,,,TOMATOES,XIRECS,5007.0,3,-2,trades_round_0_day_-2.csv
350400,,,EMERALDS,XIRECS,9992.0,3,-2,trades_round_0_day_-2.csv
351100,,,TOMATOES,XIRECS,5008.0,5,-2,trades_round_0_day_-2.csv
355700,,,EMERALDS,XIRECS,9992.0,8,-2,trades_round_0_day_-2.csv
356100,,,TOMATOES,XIRECS,5024.0,2,-2,trades_round_0_day_-2.csv
357700,,,TOMATOES,XIRECS,5010.0,5,-2,trades_round_0_day_-2.csv
359800,,,TOMATOES,XIRECS,5010.0,4,-2,trades_round_0_day_-2.csv
363300,,,EMERALDS,XIRECS,10008.0,6,-2,trades_round_0_day_-2.csv
367500,,,TOMATOES,XIRECS,5010.0,5,-2,trades_round_0_day_-2.csv
368900,,,TOMATOES,XIRECS,5008.0,3,-2,trades_round_0_day_-2.csv
370300,,,TOMATOES,XIRECS,5020.0,5,-2,trades_round_0_day_-2.csv
372000,,,TOMATOES,XIRECS,5008.0,2,-2,trades_round_0_day_-2.csv
375700,,,TOMATOES,XIRECS,5013.0,5,-2,trades_round_0_day_-2.csv
376600,,,EMERALDS,XIRECS,10008.0,5,-2,trades_round_0_day_-2.csv
376700,,,TOMATOES,XIRECS,5009.0,2,-2,trades_round_0_day_-2.csv
380500,,,TOMATOES,XIRECS,5008.0,2,-2,trades_round_0_day_-2.csv
382300,,,TOMATOES,XIRECS,5011.0,5,-2,trades_round_0_day_-2.csv
382700,,,TOMATOES,XIRECS,5024.0,4,-2,trades_round_0_day_-2.csv
384000,,,TOMATOES,XIRECS,5024.0,4,-2,trades_round_0_day_-2.csv
386800,,,TOMATOES,XIRECS,5021.0,5,-2,trades_round_0_day_-2.csv
390300,,,TOMATOES,XIRECS,5018.0,5,-2,trades_round_0_day_-2.csv
392600,,,EMERALDS,XIRECS,9992.0,6,-2,trades_round_0_day_-2.csv
394300,,,TOMATOES,XIRECS,5016.0,3,-2,trades_round_0_day_-2.csv
396600,,,EMERALDS,XIRECS,9992.0,7,-2,trades_round_0_day_-2.csv
397900,,,TOMATOES,XIRECS,5012.0,2,-2,trades_round_0_day_-2.csv
398700,,,EMERALDS,XIRECS,10008.0,8,-2,trades_round_0_day_-2.csv
402300,,,EMERALDS,XIRECS,10008.0,6,-2,trades_round_0_day_-2.csv
404400,,,TOMATOES,XIRECS,5012.0,5,-2,trades_round_0_day_-2.csv
404800,,,EMERALDS,XIRECS,10008.0,5,-2,trades_round_0_day_-2.csv
408800,,,EMERALDS,XIRECS,10008.0,7,-2,trades_round_0_day_-2.csv
411200,,,TOMATOES,XIRECS,5015.0,2,-2,trades_round_0_day_-2.csv
413000,,,EMERALDS,XIRECS,10008.0,4,-2,trades_round_0_day_-2.csv
413600,,,EMERALDS,XIRECS,9992.0,8,-2,trades_round_0_day_-2.csv
413900,,,TOMATOES,XIRECS,5002.0,2,-2,trades_round_0_day_-2.csv
414000,,,EMERALDS,XIRECS,9992.0,7,-2,trades_round_0_day_-2.csv
415800,,,TOMATOES,XIRECS,5011.0,5,-2,trades_round_0_day_-2.csv
417900,,,TOMATOES,XIRECS,5009.0,4,-2,trades_round_0_day_-2.csv
419700,,,EMERALDS,XIRECS,9992.0,4,-2,trades_round_0_day_-2.csv
420800,,,EMERALDS,XIRECS,9992.0,7,-2,trades_round_0_day_-2.csv
422300,,,TOMATOES,XIRECS,5020.0,4,-2,trades_round_0_day_-2.csv
426300,,,TOMATOES,XIRECS,5004.0,2,-2,trades_round_0_day_-2.csv
427500,,,TOMATOES,XIRECS,5014.0,5,-2,trades_round_0_day_-2.csv
428600,,,TOMATOES,XIRECS,5016.0,5,-2,trades_round_0_day_-2.csv
429100,,,EMERALDS,XIRECS,10008.0,8,-2,trades_round_0_day_-2.csv
429500,,,TOMATOES,XIRECS,5003.0,3,-2,trades_round_0_day_-2.csv
431000,,,TOMATOES,XIRECS,5014.0,3,-2,trades_round_0_day_-2.csv
431500,,,TOMATOES,XIRECS,5015.0,2,-2,trades_round_0_day_-2.csv
431900,,,TOMATOES,XIRECS,5001.0,4,-2,trades_round_0_day_-2.csv
432700,,,TOMATOES,XIRECS,5000.0,3,-2,trades_round_0_day_-2.csv
432900,,,TOMATOES,XIRECS,5014.0,5,-2,trades_round_0_day_-2.csv
434900,,,TOMATOES,XIRECS,5003.0,3,-2,trades_round_0_day_-2.csv
435100,,,TOMATOES,XIRECS,5016.0,4,-2,trades_round_0_day_-2.csv
436600,,,EMERALDS,XIRECS,10008.0,4,-2,trades_round_0_day_-2.csv
437300,,,TOMATOES,XIRECS,5002.0,4,-2,trades_round_0_day_-2.csv
442000,,,TOMATOES,XIRECS,4998.0,2,-2,trades_round_0_day_-2.csv
443900,,,TOMATOES,XIRECS,5011.0,2,-2,trades_round_0_day_-2.csv
445800,,,TOMATOES,XIRECS,4999.0,5,-2,trades_round_0_day_-2.csv
450300,,,TOMATOES,XIRECS,4998.0,3,-2,trades_round_0_day_-2.csv
452300,,,TOMATOES,XIRECS,4997.0,2,-2,trades_round_0_day_-2.csv
452400,,,TOMATOES,XIRECS,5011.0,5,-2,trades_round_0_day_-2.csv
453100,,,TOMATOES,XIRECS,4998.0,3,-2,trades_round_0_day_-2.csv
456000,,,EMERALDS,XIRECS,10008.0,8,-2,trades_round_0_day_-2.csv
457800,,,EMERALDS,XIRECS,9992.0,8,-2,trades_round_0_day_-2.csv
459000,,,TOMATOES,XIRECS,5007.0,5,-2,trades_round_0_day_-2.csv
459200,,,TOMATOES,XIRECS,5006.0,3,-2,trades_round_0_day_-2.csv
459700,,,EMERALDS,XIRECS,10008.0,8,-2,trades_round_0_day_-2.csv
460900,,,TOMATOES,XIRECS,4992.0,4,-2,trades_round_0_day_-2.csv
463900,,,TOMATOES,XIRECS,5008.0,5,-2,trades_round_0_day_-2.csv
469700,,,TOMATOES,XIRECS,4991.0,2,-2,trades_round_0_day_-2.csv
473100,,,EMERALDS,XIRECS,10008.0,6,-2,trades_round_0_day_-2.csv
474600,,,TOMATOES,XIRECS,4994.0,2,-2,trades_round_0_day_-2.csv
475300,,,TOMATOES,XIRECS,5008.0,2,-2,trades_round_0_day_-2.csv
479300,,,TOMATOES,XIRECS,5003.0,4,-2,trades_round_0_day_-2.csv
480500,,,TOMATOES,XIRECS,5005.0,4,-2,trades_round_0_day_-2.csv
485700,,,TOMATOES,XIRECS,5000.0,5,-2,trades_round_0_day_-2.csv
488400,,,TOMATOES,XIRECS,4987.0,4,-2,trades_round_0_day_-2.csv
488900,,,TOMATOES,XIRECS,4986.0,5,-2,trades_round_0_day_-2.csv
490800,,,TOMATOES,XIRECS,4986.0,5,-2,trades_round_0_day_-2.csv
491600,,,EMERALDS,XIRECS,9992.0,5,-2,trades_round_0_day_-2.csv
491900,,,EMERALDS,XIRECS,9992.0,5,-2,trades_round_0_day_-2.csv
492400,,,TOMATOES,XIRECS,5002.0,4,-2,trades_round_0_day_-2.csv
493300,,,EMERALDS,XIRECS,9992.0,6,-2,trades_round_0_day_-2.csv
496700,,,TOMATOES,XIRECS,4984.0,5,-2,trades_round_0_day_-2.csv
497600,,,TOMATOES,XIRECS,4993.0,2,-2,trades_round_0_day_-2.csv
497900,,,TOMATOES,XIRECS,4985.0,3,-2,trades_round_0_day_-2.csv
499000,,,TOMATOES,XIRECS,4987.0,4,-2,trades_round_0_day_-2.csv
502900,,,TOMATOES,XIRECS,4999.0,4,-2,trades_round_0_day_-2.csv
504900,,,TOMATOES,XIRECS,4998.0,4,-2,trades_round_0_day_-2.csv
506800,,,TOMATOES,XIRECS,4986.0,3,-2,trades_round_0_day_-2.csv
507200,,,EMERALDS,XIRECS,9992.0,6,-2,trades_round_0_day_-2.csv
511100,,,TOMATOES,XIRECS,4987.0,4,-2,trades_round_0_day_-2.csv
517600,,,EMERALDS,XIRECS,9992.0,6,-2,trades_round_0_day_-2.csv
517700,,,EMERALDS,XIRECS,10008.0,3,-2,trades_round_0_day_-2.csv
520600,,,TOMATOES,XIRECS,5001.0,4,-2,trades_round_0_day_-2.csv
521000,,,EMERALDS,XIRECS,10008.0,4,-2,trades_round_0_day_-2.csv
522600,,,TOMATOES,XIRECS,4988.0,5,-2,trades_round_0_day_-2.csv
524100,,,EMERALDS,XIRECS,9992.0,4,-2,trades_round_0_day_-2.csv
527600,,,EMERALDS,XIRECS,9992.0,4,-2,trades_round_0_day_-2.csv
527700,,,TOMATOES,XIRECS,4984.0,5,-2,trades_round_0_day_-2.csv
529400,,,TOMATOES,XIRECS,4988.0,3,-2,trades_round_0_day_-2.csv
529600,,,EMERALDS,XIRECS,9992.0,3,-2,trades_round_0_day_-2.csv
535200,,,EMERALDS,XIRECS,9992.0,3,-2,trades_round_0_day_-2.csv
536100,,,TOMATOES,XIRECS,5007.0,5,-2,trades_round_0_day_-2.csv
540000,,,TOMATOES,XIRECS,4996.0,5,-2,trades_round_0_day_-2.csv
540700,,,TOMATOES,XIRECS,5003.0,3,-2,trades_round_0_day_-2.csv
544200,,,TOMATOES,XIRECS,4998.0,3,-2,trades_round_0_day_-2.csv
545500,,,TOMATOES,XIRECS,5001.0,5,-2,trades_round_0_day_-2.csv
548300,,,TOMATOES,XIRECS,5013.0,4,-2,trades_round_0_day_-2.csv
549100,,,EMERALDS,XIRECS,10008.0,6,-2,trades_round_0_day_-2.csv
551500,,,EMERALDS,XIRECS,9992.0,5,-2,trades_round_0_day_-2.csv
553700,,,TOMATOES,XIRECS,5012.0,4,-2,trades_round_0_day_-2.csv
554300,,,TOMATOES,XIRECS,4998.0,3,-2,trades_round_0_day_-2.csv
562200,,,EMERALDS,XIRECS,10008.0,7,-2,trades_round_0_day_-2.csv
563000,,,TOMATOES,XIRECS,5011.0,5,-2,trades_round_0_day_-2.csv
566200,,,EMERALDS,XIRECS,9992.0,5,-2,trades_round_0_day_-2.csv
567100,,,TOMATOES,XIRECS,4992.0,2,-2,trades_round_0_day_-2.csv
568600,,,TOMATOES,XIRECS,4989.0,4,-2,trades_round_0_day_-2.csv
569200,,,EMERALDS,XIRECS,10008.0,4,-2,trades_round_0_day_-2.csv
576300,,,EMERALDS,XIRECS,9992.0,8,-2,trades_round_0_day_-2.csv
576300,,,TOMATOES,XIRECS,5008.0,4,-2,trades_round_0_day_-2.csv
588900,,,EMERALDS,XIRECS,9992.0,5,-2,trades_round_0_day_-2.csv
591600,,,TOMATOES,XIRECS,4993.0,3,-2,trades_round_0_day_-2.csv
592000,,,TOMATOES,XIRECS,5006.0,5,-2,trades_round_0_day_-2.csv
592200,,,EMERALDS,XIRECS,10008.0,3,-2,trades_round_0_day_-2.csv
593000,,,TOMATOES,XIRECS,5008.0,2,-2,trades_round_0_day_-2.csv
593200,,,EMERALDS,XIRECS,10008.0,5,-2,trades_round_0_day_-2.csv
595200,,,EMERALDS,XIRECS,10008.0,6,-2,trades_round_0_day_-2.csv
596300,,,EMERALDS,XIRECS,9992.0,3,-2,trades_round_0_day_-2.csv
598100,,,EMERALDS,XIRECS,10008.0,5,-2,trades_round_0_day_-2.csv
602100,,,TOMATOES,XIRECS,5000.0,4,-2,trades_round_0_day_-2.csv
602500,,,TOMATOES,XIRECS,5015.0,3,-2,trades_round_0_day_-2.csv
603300,,,TOMATOES,XIRECS,5017.0,2,-2,trades_round_0_day_-2.csv
604600,,,EMERALDS,XIRECS,10008.0,7,-2,trades_round_0_day_-2.csv
608700,,,TOMATOES,XIRECS,5012.0,5,-2,trades_round_0_day_-2.csv
609700,,,TOMATOES,XIRECS,4996.0,2,-2,trades_round_0_day_-2.csv
610200,,,TOMATOES,XIRECS,5006.0,4,-2,trades_round_0_day_-2.csv
611100,,,EMERALDS,XIRECS,9992.0,6,-2,trades_round_0_day_-2.csv
611300,,,TOMATOES,XIRECS,5013.0,4,-2,trades_round_0_day_-2.csv
616700,,,TOMATOES,XIRECS,5003.0,4,-2,trades_round_0_day_-2.csv
616900,,,EMERALDS,XIRECS,9992.0,7,-2,trades_round_0_day_-2.csv
619000,,,EMERALDS,XIRECS,9992.0,5,-2,trades_round_0_day_-2.csv
619700,,,TOMATOES,XIRECS,5009.0,3,-2,trades_round_0_day_-2.csv
624900,,,TOMATOES,XIRECS,4996.0,4,-2,trades_round_0_day_-2.csv
625800,,,TOMATOES,XIRECS,5008.0,5,-2,trades_round_0_day_-2.csv
626200,,,TOMATOES,XIRECS,4996.0,5,-2,trades_round_0_day_-2.csv
626500,,,TOMATOES,XIRECS,5010.0,4,-2,trades_round_0_day_-2.csv
627400,,,EMERALDS,XIRECS,9992.0,7,-2,trades_round_0_day_-2.csv
632600,,,EMERALDS,XIRECS,10008.0,7,-2,trades_round_0_day_-2.csv
633400,,,EMERALDS,XIRECS,9992.0,4,-2,trades_round_0_day_-2.csv
635000,,,EMERALDS,XIRECS,10008.0,6,-2,trades_round_0_day_-2.csv
636300,,,EMERALDS,XIRECS,9992.0,8,-2,trades_round_0_day_-2.csv
636900,,,TOMATOES,XIRECS,5014.0,4,-2,trades_round_0_day_-2.csv
637100,,,EMERALDS,XIRECS,9992.0,5,-2,trades_round_0_day_-2.csv
643800,,,TOMATOES,XIRECS,5015.0,5,-2,trades_round_0_day_-2.csv
645600,,,TOMATOES,XIRECS,5019.0,5,-2,trades_round_0_day_-2.csv
646000,,,TOMATOES,XIRECS,5020.0,3,-2,trades_round_0_day_-2.csv
650600,,,EMERALDS,XIRECS,9992.0,4,-2,trades_round_0_day_-2.csv
651300,,,EMERALDS,XIRECS,10008.0,5,-2,trades_round_0_day_-2.csv
655400,,,EMERALDS,XIRECS,9992.0,7,-2,trades_round_0_day_-2.csv
656300,,,EMERALDS,XIRECS,9992.0,4,-2,trades_round_0_day_-2.csv
661500,,,EMERALDS,XIRECS,10008.0,3,-2,trades_round_0_day_-2.csv
662600,,,EMERALDS,XIRECS,9992.0,6,-2,trades_round_0_day_-2.csv
663000,,,EMERALDS,XIRECS,10008.0,8,-2,trades_round_0_day_-2.csv
665700,,,EMERALDS,XIRECS,9992.0,4,-2,trades_round_0_day_-2.csv
665700,,,TOMATOES,XIRECS,5012.0,2,-2,trades_round_0_day_-2.csv
666400,,,TOMATOES,XIRECS,5014.0,5,-2,trades_round_0_day_-2.csv
669400,,,TOMATOES,XIRECS,5011.0,3,-2,trades_round_0_day_-2.csv
672600,,,TOMATOES,XIRECS,5005.0,2,-2,trades_round_0_day_-2.csv
673200,,,TOMATOES,XIRECS,5019.0,5,-2,trades_round_0_day_-2.csv
673800,,,TOMATOES,XIRECS,5014.0,2,-2,trades_round_0_day_-2.csv
673800,,,TOMATOES,XIRECS,5020.0,5,-2,trades_round_0_day_-2.csv
674200,,,TOMATOES,XIRECS,5018.0,5,-2,trades_round_0_day_-2.csv
674500,,,EMERALDS,XIRECS,10008.0,8,-2,trades_round_0_day_-2.csv
675500,,,TOMATOES,XIRECS,5016.0,5,-2,trades_round_0_day_-2.csv
677900,,,EMERALDS,XIRECS,10008.0,6,-2,trades_round_0_day_-2.csv
678500,,,EMERALDS,XIRECS,9992.0,6,-2,trades_round_0_day_-2.csv
678800,,,EMERALDS,XIRECS,9992.0,7,-2,trades_round_0_day_-2.csv
681200,,,TOMATOES,XIRECS,5001.0,2,-2,trades_round_0_day_-2.csv
682100,,,EMERALDS,XIRECS,9992.0,4,-2,trades_round_0_day_-2.csv
684400,,,TOMATOES,XIRECS,5012.0,3,-2,trades_round_0_day_-2.csv
684800,,,TOMATOES,XIRECS,5000.0,5,-2,trades_round_0_day_-2.csv
685300,,,EMERALDS,XIRECS,10008.0,3,-2,trades_round_0_day_-2.csv
685600,,,EMERALDS,XIRECS,9992.0,3,-2,trades_round_0_day_-2.csv
686700,,,TOMATOES,XIRECS,4998.0,3,-2,trades_round_0_day_-2.csv
687300,,,TOMATOES,XIRECS,5010.0,4,-2,trades_round_0_day_-2.csv
688200,,,TOMATOES,XIRECS,4995.0,3,-2,trades_round_0_day_-2.csv
690000,,,TOMATOES,XIRECS,4992.0,2,-2,trades_round_0_day_-2.csv
690400,,,TOMATOES,XIRECS,5004.0,3,-2,trades_round_0_day_-2.csv
691700,,,TOMATOES,XIRECS,4989.0,4,-2,trades_round_0_day_-2.csv
697900,,,TOMATOES,XIRECS,5002.0,5,-2,trades_round_0_day_-2.csv
698000,,,EMERALDS,XIRECS,10008.0,3,-2,trades_round_0_day_-2.csv
698400,,,TOMATOES,XIRECS,4988.0,3,-2,trades_round_0_day_-2.csv
701300,,,TOMATOES,XIRECS,4987.0,5,-2,trades_round_0_day_-2.csv
702600,,,TOMATOES,XIRECS,5000.0,3,-2,trades_round_0_day_-2.csv
703300,,,EMERALDS,XIRECS,9992.0,4,-2,trades_round_0_day_-2.csv
707100,,,EMERALDS,XIRECS,9992.0,6,-2,trades_round_0_day_-2.csv
707500,,,EMERALDS,XIRECS,9992.0,4,-2,trades_round_0_day_-2.csv
709000,,,TOMATOES,XIRECS,4988.0,3,-2,trades_round_0_day_-2.csv
709100,,,TOMATOES,XIRECS,4989.0,2,-2,trades_round_0_day_-2.csv
711900,,,TOMATOES,XIRECS,4993.0,4,-2,trades_round_0_day_-2.csv
714700,,,TOMATOES,XIRECS,5008.0,4,-2,trades_round_0_day_-2.csv
714800,,,TOMATOES,XIRECS,5009.0,4,-2,trades_round_0_day_-2.csv
718700,,,TOMATOES,XIRECS,4999.0,2,-2,trades_round_0_day_-2.csv
721700,,,TOMATOES,XIRECS,4998.0,2,-2,trades_round_0_day_-2.csv
722900,,,TOMATOES,XIRECS,4997.0,5,-2,trades_round_0_day_-2.csv
723200,,,TOMATOES,XIRECS,5010.0,4,-2,trades_round_0_day_-2.csv
724400,,,TOMATOES,XIRECS,4995.0,3,-2,trades_round_0_day_-2.csv
727100,,,EMERALDS,XIRECS,9992.0,6,-2,trades_round_0_day_-2.csv
727800,,,TOMATOES,XIRECS,4996.0,4,-2,trades_round_0_day_-2.csv
731400,,,TOMATOES,XIRECS,5011.0,4,-2,trades_round_0_day_-2.csv
731700,,,EMERALDS,XIRECS,10008.0,4,-2,trades_round_0_day_-2.csv
735200,,,TOMATOES,XIRECS,5003.0,4,-2,trades_round_0_day_-2.csv
735300,,,TOMATOES,XIRECS,5012.0,5,-2,trades_round_0_day_-2.csv
737600,,,TOMATOES,XIRECS,5011.0,4,-2,trades_round_0_day_-2.csv
737700,,,TOMATOES,XIRECS,4997.0,2,-2,trades_round_0_day_-2.csv
738800,,,TOMATOES,XIRECS,5011.0,2,-2,trades_round_0_day_-2.csv
739000,,,TOMATOES,XIRECS,4998.0,4,-2,trades_round_0_day_-2.csv
740700,,,TOMATOES,XIRECS,5010.0,5,-2,trades_round_0_day_-2.csv
741900,,,EMERALDS,XIRECS,10008.0,5,-2,trades_round_0_day_-2.csv
744900,,,EMERALDS,XIRECS,10008.0,3,-2,trades_round_0_day_-2.csv
745000,,,EMERALDS,XIRECS,10008.0,8,-2,trades_round_0_day_-2.csv
745700,,,TOMATOES,XIRECS,5008.0,2,-2,trades_round_0_day_-2.csv
748000,,,TOMATOES,XIRECS,4995.0,3,-2,trades_round_0_day_-2.csv
748600,,,EMERALDS,XIRECS,9992.0,8,-2,trades_round_0_day_-2.csv
750000,,,TOMATOES,XIRECS,4995.0,2,-2,trades_round_0_day_-2.csv
753400,,,TOMATOES,XIRECS,4996.0,4,-2,trades_round_0_day_-2.csv
757800,,,TOMATOES,XIRECS,5009.0,3,-2,trades_round_0_day_-2.csv
758400,,,TOMATOES,XIRECS,4997.0,5,-2,trades_round_0_day_-2.csv
760600,,,TOMATOES,XIRECS,4995.0,3,-2,trades_round_0_day_-2.csv
761000,,,EMERALDS,XIRECS,10008.0,8,-2,trades_round_0_day_-2.csv
766500,,,EMERALDS,XIRECS,10008.0,3,-2,trades_round_0_day_-2.csv
767000,,,TOMATOES,XIRECS,5005.0,2,-2,trades_round_0_day_-2.csv
767700,,,TOMATOES,XIRECS,5007.0,3,-2,trades_round_0_day_-2.csv
767900,,,TOMATOES,XIRECS,5007.0,3,-2,trades_round_0_day_-2.csv
768400,,,TOMATOES,XIRECS,5007.0,3,-2,trades_round_0_day_-2.csv
771200,,,TOMATOES,XIRECS,5007.0,2,-2,trades_round_0_day_-2.csv
773400,,,TOMATOES,XIRECS,5022.0,4,-2,trades_round_0_day_-2.csv
775500,,,TOMATOES,XIRECS,5024.0,4,-2,trades_round_0_day_-2.csv
776500,,,TOMATOES,XIRECS,5015.0,2,-2,trades_round_0_day_-2.csv
778600,,,TOMATOES,XIRECS,5012.0,3,-2,trades_round_0_day_-2.csv
780900,,,TOMATOES,XIRECS,5026.0,3,-2,trades_round_0_day_-2.csv
783400,,,EMERALDS,XIRECS,10008.0,7,-2,trades_round_0_day_-2.csv
784200,,,TOMATOES,XIRECS,5023.0,3,-2,trades_round_0_day_-2.csv
786500,,,TOMATOES,XIRECS,5023.0,3,-2,trades_round_0_day_-2.csv
792000,,,EMERALDS,XIRECS,10008.0,4,-2,trades_round_0_day_-2.csv
793300,,,TOMATOES,XIRECS,5025.0,5,-2,trades_round_0_day_-2.csv
796100,,,TOMATOES,XIRECS,5025.0,5,-2,trades_round_0_day_-2.csv
797300,,,TOMATOES,XIRECS,5025.0,2,-2,trades_round_0_day_-2.csv
797800,,,EMERALDS,XIRECS,9992.0,8,-2,trades_round_0_day_-2.csv
799100,,,TOMATOES,XIRECS,5028.0,5,-2,trades_round_0_day_-2.csv
799300,,,TOMATOES,XIRECS,5015.0,4,-2,trades_round_0_day_-2.csv
800400,,,TOMATOES,XIRECS,5026.0,3,-2,trades_round_0_day_-2.csv
803000,,,TOMATOES,XIRECS,5025.0,3,-2,trades_round_0_day_-2.csv
806200,,,EMERALDS,XIRECS,9992.0,7,-2,trades_round_0_day_-2.csv
808200,,,TOMATOES,XIRECS,5015.0,4,-2,trades_round_0_day_-2.csv
808900,,,EMERALDS,XIRECS,9992.0,3,-2,trades_round_0_day_-2.csv
808900,,,TOMATOES,XIRECS,5023.0,3,-2,trades_round_0_day_-2.csv
811500,,,EMERALDS,XIRECS,9992.0,5,-2,trades_round_0_day_-2.csv
811900,,,TOMATOES,XIRECS,5027.0,5,-2,trades_round_0_day_-2.csv
814600,,,TOMATOES,XIRECS,5025.0,3,-2,trades_round_0_day_-2.csv
815100,,,TOMATOES,XIRECS,5033.0,5,-2,trades_round_0_day_-2.csv
815300,,,TOMATOES,XIRECS,5034.0,2,-2,trades_round_0_day_-2.csv
817800,,,EMERALDS,XIRECS,9992.0,4,-2,trades_round_0_day_-2.csv
818800,,,TOMATOES,XIRECS,5024.0,2,-2,trades_round_0_day_-2.csv
822100,,,EMERALDS,XIRECS,9992.0,4,-2,trades_round_0_day_-2.csv
822100,,,TOMATOES,XIRECS,5023.0,5,-2,trades_round_0_day_-2.csv
822200,,,TOMATOES,XIRECS,5023.0,3,-2,trades_round_0_day_-2.csv
822500,,,EMERALDS,XIRECS,10008.0,7,-2,trades_round_0_day_-2.csv
822700,,,EMERALDS,XIRECS,10008.0,7,-2,trades_round_0_day_-2.csv
823100,,,EMERALDS,XIRECS,10008.0,3,-2,trades_round_0_day_-2.csv
824000,,,EMERALDS,XIRECS,9992.0,6,-2,trades_round_0_day_-2.csv
825300,,,TOMATOES,XIRECS,5034.0,4,-2,trades_round_0_day_-2.csv
826800,,,EMERALDS,XIRECS,9992.0,6,-2,trades_round_0_day_-2.csv
829300,,,TOMATOES,XIRECS,5018.0,3,-2,trades_round_0_day_-2.csv
830400,,,TOMATOES,XIRECS,5032.0,4,-2,trades_round_0_day_-2.csv
833200,,,TOMATOES,XIRECS,5016.0,3,-2,trades_round_0_day_-2.csv
833500,,,TOMATOES,XIRECS,5031.0,5,-2,trades_round_0_day_-2.csv
834700,,,EMERALDS,XIRECS,10008.0,8,-2,trades_round_0_day_-2.csv
837600,,,EMERALDS,XIRECS,10008.0,7,-2,trades_round_0_day_-2.csv
839200,,,EMERALDS,XIRECS,10008.0,3,-2,trades_round_0_day_-2.csv
845200,,,TOMATOES,XIRECS,5011.0,2,-2,trades_round_0_day_-2.csv
846300,,,TOMATOES,XIRECS,5011.0,2,-2,trades_round_0_day_-2.csv
846400,,,TOMATOES,XIRECS,5011.0,4,-2,trades_round_0_day_-2.csv
848000,,,EMERALDS,XIRECS,10008.0,7,-2,trades_round_0_day_-2.csv
848300,,,TOMATOES,XIRECS,5011.0,5,-2,trades_round_0_day_-2.csv
849500,,,EMERALDS,XIRECS,9992.0,6,-2,trades_round_0_day_-2.csv
851000,,,EMERALDS,XIRECS,10008.0,7,-2,trades_round_0_day_-2.csv
851300,,,TOMATOES,XIRECS,5015.0,5,-2,trades_round_0_day_-2.csv
853700,,,TOMATOES,XIRECS,5029.0,5,-2,trades_round_0_day_-2.csv
855100,,,TOMATOES,XIRECS,5017.0,4,-2,trades_round_0_day_-2.csv
856000,,,TOMATOES,XIRECS,5032.0,2,-2,trades_round_0_day_-2.csv
856600,,,TOMATOES,XIRECS,5032.0,4,-2,trades_round_0_day_-2.csv
858500,,,TOMATOES,XIRECS,5033.0,5,-2,trades_round_0_day_-2.csv
860200,,,TOMATOES,XIRECS,5019.0,2,-2,trades_round_0_day_-2.csv
860400,,,TOMATOES,XIRECS,5033.0,5,-2,trades_round_0_day_-2.csv
861500,,,TOMATOES,XIRECS,5020.0,3,-2,trades_round_0_day_-2.csv
862300,,,TOMATOES,XIRECS,5021.0,5,-2,trades_round_0_day_-2.csv
864100,,,TOMATOES,XIRECS,5023.0,5,-2,trades_round_0_day_-2.csv
864900,,,EMERALDS,XIRECS,9992.0,5,-2,trades_round_0_day_-2.csv
864900,,,TOMATOES,XIRECS,5038.0,4,-2,trades_round_0_day_-2.csv
867700,,,TOMATOES,XIRECS,5038.0,5,-2,trades_round_0_day_-2.csv
868200,,,EMERALDS,XIRECS,9992.0,5,-2,trades_round_0_day_-2.csv
868300,,,TOMATOES,XIRECS,5039.0,5,-2,trades_round_0_day_-2.csv
868600,,,TOMATOES,XIRECS,5025.0,4,-2,trades_round_0_day_-2.csv
870400,,,EMERALDS,XIRECS,10008.0,7,-2,trades_round_0_day_-2.csv
871800,,,TOMATOES,XIRECS,5018.0,5,-2,trades_round_0_day_-2.csv
873300,,,TOMATOES,XIRECS,5033.0,3,-2,trades_round_0_day_-2.csv
876000,,,TOMATOES,XIRECS,5018.0,2,-2,trades_round_0_day_-2.csv
884000,,,TOMATOES,XIRECS,5021.0,2,-2,trades_round_0_day_-2.csv
884100,,,TOMATOES,XIRECS,5021.0,4,-2,trades_round_0_day_-2.csv
886000,,,TOMATOES,XIRECS,5022.0,5,-2,trades_round_0_day_-2.csv
886600,,,TOMATOES,XIRECS,5036.0,2,-2,trades_round_0_day_-2.csv
889100,,,TOMATOES,XIRECS,5022.0,2,-2,trades_round_0_day_-2.csv
889900,,,TOMATOES,XIRECS,5023.0,4,-2,trades_round_0_day_-2.csv
890100,,,TOMATOES,XIRECS,5023.0,3,-2,trades_round_0_day_-2.csv
891100,,,TOMATOES,XIRECS,5021.0,2,-2,trades_round_0_day_-2.csv
891200,,,EMERALDS,XIRECS,10008.0,8,-2,trades_round_0_day_-2.csv
893200,,,TOMATOES,XIRECS,5021.0,4,-2,trades_round_0_day_-2.csv
894700,,,TOMATOES,XIRECS,5038.0,5,-2,trades_round_0_day_-2.csv
895400,,,TOMATOES,XIRECS,5031.0,5,-2,trades_round_0_day_-2.csv
896700,,,TOMATOES,XIRECS,5031.0,6,-2,trades_round_0_day_-2.csv
898100,,,TOMATOES,XIRECS,5040.0,4,-2,trades_round_0_day_-2.csv
898300,,,TOMATOES,XIRECS,5040.0,4,-2,trades_round_0_day_-2.csv
900000,,,TOMATOES,XIRECS,5037.0,3,-2,trades_round_0_day_-2.csv
901700,,,TOMATOES,XIRECS,5024.0,3,-2,trades_round_0_day_-2.csv
902600,,,TOMATOES,XIRECS,5024.0,2,-2,trades_round_0_day_-2.csv
906300,,,TOMATOES,XIRECS,5037.0,5,-2,trades_round_0_day_-2.csv
906500,,,TOMATOES,XIRECS,5038.0,3,-2,trades_round_0_day_-2.csv
909600,,,EMERALDS,XIRECS,10008.0,3,-2,trades_round_0_day_-2.csv
910000,,,TOMATOES,XIRECS,5020.0,4,-2,trades_round_0_day_-2.csv
910800,,,TOMATOES,XIRECS,5020.0,4,-2,trades_round_0_day_-2.csv
912100,,,TOMATOES,XIRECS,5017.0,3,-2,trades_round_0_day_-2.csv
913500,,,TOMATOES,XIRECS,5015.0,5,-2,trades_round_0_day_-2.csv
916800,,,TOMATOES,XIRECS,5020.0,5,-2,trades_round_0_day_-2.csv
919800,,,EMERALDS,XIRECS,10008.0,3,-2,trades_round_0_day_-2.csv
923000,,,TOMATOES,XIRECS,5019.0,2,-2,trades_round_0_day_-2.csv
927400,,,EMERALDS,XIRECS,9992.0,5,-2,trades_round_0_day_-2.csv
928900,,,TOMATOES,XIRECS,5020.0,5,-2,trades_round_0_day_-2.csv
932900,,,EMERALDS,XIRECS,10008.0,5,-2,trades_round_0_day_-2.csv
937200,,,TOMATOES,XIRECS,5032.0,4,-2,trades_round_0_day_-2.csv
940200,,,EMERALDS,XIRECS,10008.0,7,-2,trades_round_0_day_-2.csv
941100,,,TOMATOES,XIRECS,5019.0,5,-2,trades_round_0_day_-2.csv
942400,,,EMERALDS,XIRECS,9992.0,6,-2,trades_round_0_day_-2.csv
943600,,,EMERALDS,XIRECS,9992.0,6,-2,trades_round_0_day_-2.csv
945100,,,TOMATOES,XIRECS,5028.0,4,-2,trades_round_0_day_-2.csv
947200,,,EMERALDS,XIRECS,10008.0,4,-2,trades_round_0_day_-2.csv
949400,,,EMERALDS,XIRECS,10008.0,6,-2,trades_round_0_day_-2.csv
949800,,,TOMATOES,XIRECS,5020.0,5,-2,trades_round_0_day_-2.csv
950000,,,EMERALDS,XIRECS,10008.0,8,-2,trades_round_0_day_-2.csv
950300,,,TOMATOES,XIRECS,5008.0,2,-2,trades_round_0_day_-2.csv
950600,,,TOMATOES,XIRECS,5006.0,2,-2,trades_round_0_day_-2.csv
952400,,,EMERALDS,XIRECS,9992.0,6,-2,trades_round_0_day_-2.csv
954600,,,EMERALDS,XIRECS,10008.0,5,-2,trades_round_0_day_-2.csv
957400,,,EMERALDS,XIRECS,10008.0,8,-2,trades_round_0_day_-2.csv
957800,,,TOMATOES,XIRECS,5020.0,2,-2,trades_round_0_day_-2.csv
958200,,,TOMATOES,XIRECS,5007.0,4,-2,trades_round_0_day_-2.csv
960300,,,EMERALDS,XIRECS,10008.0,4,-2,trades_round_0_day_-2.csv
961000,,,TOMATOES,XIRECS,5017.0,5,-2,trades_round_0_day_-2.csv
961100,,,TOMATOES,XIRECS,5003.0,5,-2,trades_round_0_day_-2.csv
962800,,,TOMATOES,XIRECS,5003.0,2,-2,trades_round_0_day_-2.csv
965400,,,TOMATOES,XIRECS,5002.0,4,-2,trades_round_0_day_-2.csv
966900,,,EMERALDS,XIRECS,10008.0,6,-2,trades_round_0_day_-2.csv
968300,,,TOMATOES,XIRECS,5015.0,4,-2,trades_round_0_day_-2.csv
969000,,,EMERALDS,XIRECS,10008.0,3,-2,trades_round_0_day_-2.csv
969000,,,TOMATOES,XIRECS,5016.0,2,-2,trades_round_0_day_-2.csv
969800,,,TOMATOES,XIRECS,5017.0,2,-2,trades_round_0_day_-2.csv
972700,,,TOMATOES,XIRECS,5016.0,2,-2,trades_round_0_day_-2.csv
973400,,,TOMATOES,XIRECS,5016.0,3,-2,trades_round_0_day_-2.csv
973600,,,TOMATOES,XIRECS,5003.0,2,-2,trades_round_0_day_-2.csv
974800,,,TOMATOES,XIRECS,5002.0,5,-2,trades_round_0_day_-2.csv
976300,,,TOMATOES,XIRECS,5004.0,5,-2,trades_round_0_day_-2.csv
980300,,,TOMATOES,XIRECS,5019.0,3,-2,trades_round_0_day_-2.csv
985400,,,TOMATOES,XIRECS,5016.0,2,-2,trades_round_0_day_-2.csv
985800,,,TOMATOES,XIRECS,5015.0,2,-2,trades_round_0_day_-2.csv
986100,,,TOMATOES,XIRECS,5002.0,5,-2,trades_round_0_day_-2.csv
988600,,,TOMATOES,XIRECS,5004.0,5,-2,trades_round_0_day_-2.csv
989300,,,TOMATOES,XIRECS,5017.0,2,-2,trades_round_0_day_-2.csv
991500,,,TOMATOES,XIRECS,5017.0,2,-2,trades_round_0_day_-2.csv
991700,,,TOMATOES,XIRECS,5004.0,4,-2,trades_round_0_day_-2.csv
3200,,,EMERALDS,XIRECS,9992.0,8,-1,trades_round_0_day_-1.csv
3400,,,TOMATOES,XIRECS,5009.0,2,-1,trades_round_0_day_-1.csv
5000,,,EMERALDS,XIRECS,9992.0,7,-1,trades_round_0_day_-1.csv
7000,,,TOMATOES,XIRECS,5010.0,4,-1,trades_round_0_day_-1.csv
9600,,,TOMATOES,XIRECS,4999.0,5,-1,trades_round_0_day_-1.csv
9900,,,TOMATOES,XIRECS,5000.0,4,-1,trades_round_0_day_-1.csv
16400,,,TOMATOES,XIRECS,4996.0,2,-1,trades_round_0_day_-1.csv
17900,,,TOMATOES,XIRECS,5009.0,2,-1,trades_round_0_day_-1.csv
22200,,,TOMATOES,XIRECS,5005.0,3,-1,trades_round_0_day_-1.csv
23500,,,TOMATOES,XIRECS,4989.0,3,-1,trades_round_0_day_-1.csv
24600,,,TOMATOES,XIRECS,5002.0,5,-1,trades_round_0_day_-1.csv
26100,,,TOMATOES,XIRECS,4988.0,2,-1,trades_round_0_day_-1.csv
31400,,,EMERALDS,XIRECS,10008.0,3,-1,trades_round_0_day_-1.csv
34700,,,TOMATOES,XIRECS,4998.0,4,-1,trades_round_0_day_-1.csv
36400,,,TOMATOES,XIRECS,4986.0,2,-1,trades_round_0_day_-1.csv
36700,,,TOMATOES,XIRECS,4985.0,2,-1,trades_round_0_day_-1.csv
39400,,,TOMATOES,XIRECS,4978.0,2,-1,trades_round_0_day_-1.csv
39900,,,EMERALDS,XIRECS,9992.0,7,-1,trades_round_0_day_-1.csv
42400,,,EMERALDS,XIRECS,9992.0,5,-1,trades_round_0_day_-1.csv
43900,,,TOMATOES,XIRECS,4989.0,5,-1,trades_round_0_day_-1.csv
51300,,,EMERALDS,XIRECS,9992.0,7,-1,trades_round_0_day_-1.csv
52800,,,TOMATOES,XIRECS,4994.0,4,-1,trades_round_0_day_-1.csv
53100,,,TOMATOES,XIRECS,4995.0,2,-1,trades_round_0_day_-1.csv
53600,,,TOMATOES,XIRECS,4996.0,2,-1,trades_round_0_day_-1.csv
54400,,,TOMATOES,XIRECS,4983.0,3,-1,trades_round_0_day_-1.csv
55300,,,EMERALDS,XIRECS,9992.0,6,-1,trades_round_0_day_-1.csv
55700,,,EMERALDS,XIRECS,9992.0,4,-1,trades_round_0_day_-1.csv
59700,,,TOMATOES,XIRECS,4993.0,5,-1,trades_round_0_day_-1.csv
62700,,,EMERALDS,XIRECS,9992.0,8,-1,trades_round_0_day_-1.csv
64100,,,TOMATOES,XIRECS,4984.0,4,-1,trades_round_0_day_-1.csv
66100,,,TOMATOES,XIRECS,4990.0,3,-1,trades_round_0_day_-1.csv
66700,,,EMERALDS,XIRECS,10008.0,7,-1,trades_round_0_day_-1.csv
67300,,,EMERALDS,XIRECS,9992.0,7,-1,trades_round_0_day_-1.csv
70600,,,TOMATOES,XIRECS,4993.0,2,-1,trades_round_0_day_-1.csv
71200,,,TOMATOES,XIRECS,4993.0,2,-1,trades_round_0_day_-1.csv
73500,,,TOMATOES,XIRECS,4982.0,3,-1,trades_round_0_day_-1.csv
73700,,,EMERALDS,XIRECS,9992.0,3,-1,trades_round_0_day_-1.csv
74200,,,TOMATOES,XIRECS,4996.0,3,-1,trades_round_0_day_-1.csv
75200,,,TOMATOES,XIRECS,4982.0,4,-1,trades_round_0_day_-1.csv
78300,,,TOMATOES,XIRECS,4997.0,5,-1,trades_round_0_day_-1.csv
79100,,,TOMATOES,XIRECS,4984.0,5,-1,trades_round_0_day_-1.csv
80300,,,TOMATOES,XIRECS,4985.0,3,-1,trades_round_0_day_-1.csv
80400,,,EMERALDS,XIRECS,9992.0,3,-1,trades_round_0_day_-1.csv
80900,,,TOMATOES,XIRECS,4984.0,2,-1,trades_round_0_day_-1.csv
81000,,,TOMATOES,XIRECS,4984.0,4,-1,trades_round_0_day_-1.csv
81400,,,TOMATOES,XIRECS,4984.0,5,-1,trades_round_0_day_-1.csv
83800,,,EMERALDS,XIRECS,9992.0,7,-1,trades_round_0_day_-1.csv
84500,,,TOMATOES,XIRECS,4979.0,3,-1,trades_round_0_day_-1.csv
85500,,,TOMATOES,XIRECS,4977.0,2,-1,trades_round_0_day_-1.csv
86000,,,TOMATOES,XIRECS,4991.0,5,-1,trades_round_0_day_-1.csv
87600,,,EMERALDS,XIRECS,9992.0,8,-1,trades_round_0_day_-1.csv
93900,,,EMERALDS,XIRECS,10008.0,7,-1,trades_round_0_day_-1.csv
94000,,,TOMATOES,XIRECS,4978.0,3,-1,trades_round_0_day_-1.csv
95100,,,EMERALDS,XIRECS,9992.0,7,-1,trades_round_0_day_-1.csv
96500,,,EMERALDS,XIRECS,10008.0,6,-1,trades_round_0_day_-1.csv
97200,,,TOMATOES,XIRECS,4978.0,4,-1,trades_round_0_day_-1.csv
97500,,,TOMATOES,XIRECS,4978.0,3,-1,trades_round_0_day_-1.csv
98000,,,EMERALDS,XIRECS,9992.0,7,-1,trades_round_0_day_-1.csv
98400,,,EMERALDS,XIRECS,10008.0,7,-1,trades_round_0_day_-1.csv
101200,,,EMERALDS,XIRECS,10008.0,6,-1,trades_round_0_day_-1.csv
101600,,,EMERALDS,XIRECS,10000.0,6,-1,trades_round_0_day_-1.csv
103700,,,EMERALDS,XIRECS,9992.0,5,-1,trades_round_0_day_-1.csv
108000,,,EMERALDS,XIRECS,9992.0,4,-1,trades_round_0_day_-1.csv
110200,,,TOMATOES,XIRECS,4986.0,5,-1,trades_round_0_day_-1.csv
110700,,,EMERALDS,XIRECS,9992.0,6,-1,trades_round_0_day_-1.csv
111900,,,TOMATOES,XIRECS,4986.0,3,-1,trades_round_0_day_-1.csv
112000,,,TOMATOES,XIRECS,4999.0,4,-1,trades_round_0_day_-1.csv
113000,,,TOMATOES,XIRECS,4999.0,4,-1,trades_round_0_day_-1.csv
116300,,,TOMATOES,XIRECS,5001.0,2,-1,trades_round_0_day_-1.csv
120900,,,TOMATOES,XIRECS,4990.0,3,-1,trades_round_0_day_-1.csv
124800,,,TOMATOES,XIRECS,4989.0,2,-1,trades_round_0_day_-1.csv
128400,,,EMERALDS,XIRECS,9992.0,3,-1,trades_round_0_day_-1.csv
128700,,,TOMATOES,XIRECS,4988.0,3,-1,trades_round_0_day_-1.csv
129000,,,TOMATOES,XIRECS,5001.0,2,-1,trades_round_0_day_-1.csv
130500,,,TOMATOES,XIRECS,4985.0,3,-1,trades_round_0_day_-1.csv
130900,,,TOMATOES,XIRECS,4985.0,2,-1,trades_round_0_day_-1.csv
131700,,,EMERALDS,XIRECS,10008.0,8,-1,trades_round_0_day_-1.csv
131900,,,TOMATOES,XIRECS,4999.0,4,-1,trades_round_0_day_-1.csv
132100,,,EMERALDS,XIRECS,9992.0,6,-1,trades_round_0_day_-1.csv
132100,,,TOMATOES,XIRECS,4986.0,4,-1,trades_round_0_day_-1.csv
133400,,,TOMATOES,XIRECS,5001.0,4,-1,trades_round_0_day_-1.csv
133700,,,EMERALDS,XIRECS,10008.0,8,-1,trades_round_0_day_-1.csv
133900,,,EMERALDS,XIRECS,9992.0,3,-1,trades_round_0_day_-1.csv
135500,,,EMERALDS,XIRECS,9992.0,5,-1,trades_round_0_day_-1.csv
135600,,,EMERALDS,XIRECS,9992.0,7,-1,trades_round_0_day_-1.csv
136200,,,TOMATOES,XIRECS,4987.0,4,-1,trades_round_0_day_-1.csv
137600,,,TOMATOES,XIRECS,5001.0,5,-1,trades_round_0_day_-1.csv
141300,,,EMERALDS,XIRECS,9992.0,6,-1,trades_round_0_day_-1.csv
141700,,,TOMATOES,XIRECS,4997.0,5,-1,trades_round_0_day_-1.csv
144200,,,TOMATOES,XIRECS,4986.0,2,-1,trades_round_0_day_-1.csv
146100,,,EMERALDS,XIRECS,10008.0,4,-1,trades_round_0_day_-1.csv
151500,,,TOMATOES,XIRECS,4984.0,2,-1,trades_round_0_day_-1.csv
152000,,,EMERALDS,XIRECS,9992.0,4,-1,trades_round_0_day_-1.csv
153400,,,TOMATOES,XIRECS,4996.0,4,-1,trades_round_0_day_-1.csv
154700,,,EMERALDS,XIRECS,9992.0,6,-1,trades_round_0_day_-1.csv
156700,,,TOMATOES,XIRECS,4997.0,3,-1,trades_round_0_day_-1.csv
157600,,,TOMATOES,XIRECS,4996.0,3,-1,trades_round_0_day_-1.csv
158300,,,EMERALDS,XIRECS,10008.0,3,-1,trades_round_0_day_-1.csv
158900,,,TOMATOES,XIRECS,4976.0,2,-1,trades_round_0_day_-1.csv
159200,,,TOMATOES,XIRECS,4978.0,3,-1,trades_round_0_day_-1.csv
161000,,,TOMATOES,XIRECS,4977.0,3,-1,trades_round_0_day_-1.csv
161800,,,TOMATOES,XIRECS,4976.0,2,-1,trades_round_0_day_-1.csv
162400,,,TOMATOES,XIRECS,4976.0,3,-1,trades_round_0_day_-1.csv
162900,,,TOMATOES,XIRECS,4975.0,5,-1,trades_round_0_day_-1.csv
167300,,,TOMATOES,XIRECS,4982.0,2,-1,trades_round_0_day_-1.csv
168200,,,TOMATOES,XIRECS,4995.0,4,-1,trades_round_0_day_-1.csv
170100,,,EMERALDS,XIRECS,10000.0,6,-1,trades_round_0_day_-1.csv
170800,,,TOMATOES,XIRECS,4982.0,3,-1,trades_round_0_day_-1.csv
176000,,,TOMATOES,XIRECS,4998.0,4,-1,trades_round_0_day_-1.csv
176300,,,TOMATOES,XIRECS,4984.0,3,-1,trades_round_0_day_-1.csv
176900,,,TOMATOES,XIRECS,4985.0,2,-1,trades_round_0_day_-1.csv
180300,,,TOMATOES,XIRECS,4981.0,3,-1,trades_round_0_day_-1.csv
181100,,,TOMATOES,XIRECS,4982.0,4,-1,trades_round_0_day_-1.csv
182600,,,TOMATOES,XIRECS,4981.0,5,-1,trades_round_0_day_-1.csv
182700,,,EMERALDS,XIRECS,10008.0,5,-1,trades_round_0_day_-1.csv
185200,,,TOMATOES,XIRECS,4997.0,3,-1,trades_round_0_day_-1.csv
187100,,,TOMATOES,XIRECS,5000.0,2,-1,trades_round_0_day_-1.csv
187600,,,TOMATOES,XIRECS,4988.0,3,-1,trades_round_0_day_-1.csv
188300,,,TOMATOES,XIRECS,5002.0,5,-1,trades_round_0_day_-1.csv
189000,,,TOMATOES,XIRECS,4987.0,3,-1,trades_round_0_day_-1.csv
191700,,,TOMATOES,XIRECS,5000.0,3,-1,trades_round_0_day_-1.csv
192700,,,TOMATOES,XIRECS,4984.0,3,-1,trades_round_0_day_-1.csv
195700,,,TOMATOES,XIRECS,4991.0,3,-1,trades_round_0_day_-1.csv
202200,,,TOMATOES,XIRECS,5005.0,3,-1,trades_round_0_day_-1.csv
203600,,,TOMATOES,XIRECS,5002.0,4,-1,trades_round_0_day_-1.csv
206300,,,TOMATOES,XIRECS,5002.0,2,-1,trades_round_0_day_-1.csv
206400,,,TOMATOES,XIRECS,4989.0,3,-1,trades_round_0_day_-1.csv
207200,,,TOMATOES,XIRECS,4988.0,4,-1,trades_round_0_day_-1.csv
207500,,,EMERALDS,XIRECS,10008.0,7,-1,trades_round_0_day_-1.csv
210000,,,EMERALDS,XIRECS,9992.0,6,-1,trades_round_0_day_-1.csv
212200,,,EMERALDS,XIRECS,9992.0,5,-1,trades_round_0_day_-1.csv
212200,,,TOMATOES,XIRECS,4995.0,4,-1,trades_round_0_day_-1.csv
213300,,,TOMATOES,XIRECS,4993.0,2,-1,trades_round_0_day_-1.csv
215500,,,TOMATOES,XIRECS,5003.0,3,-1,trades_round_0_day_-1.csv
216000,,,TOMATOES,XIRECS,5001.0,4,-1,trades_round_0_day_-1.csv
218400,,,EMERALDS,XIRECS,10008.0,3,-1,trades_round_0_day_-1.csv
218700,,,TOMATOES,XIRECS,4999.0,4,-1,trades_round_0_day_-1.csv
218800,,,TOMATOES,XIRECS,4984.0,5,-1,trades_round_0_day_-1.csv
218900,,,TOMATOES,XIRECS,4986.0,2,-1,trades_round_0_day_-1.csv
219300,,,EMERALDS,XIRECS,10008.0,3,-1,trades_round_0_day_-1.csv
225900,,,EMERALDS,XIRECS,10008.0,8,-1,trades_round_0_day_-1.csv
226300,,,TOMATOES,XIRECS,4997.0,5,-1,trades_round_0_day_-1.csv
227300,,,TOMATOES,XIRECS,4998.0,5,-1,trades_round_0_day_-1.csv
229400,,,TOMATOES,XIRECS,4980.0,3,-1,trades_round_0_day_-1.csv
231600,,,TOMATOES,XIRECS,4982.0,3,-1,trades_round_0_day_-1.csv
233200,,,TOMATOES,XIRECS,4990.0,3,-1,trades_round_0_day_-1.csv
234400,,,EMERALDS,XIRECS,10008.0,8,-1,trades_round_0_day_-1.csv
236300,,,EMERALDS,XIRECS,10008.0,3,-1,trades_round_0_day_-1.csv
239100,,,TOMATOES,XIRECS,4990.0,5,-1,trades_round_0_day_-1.csv
242000,,,EMERALDS,XIRECS,10008.0,5,-1,trades_round_0_day_-1.csv
243600,,,EMERALDS,XIRECS,9992.0,4,-1,trades_round_0_day_-1.csv
248700,,,TOMATOES,XIRECS,4981.0,4,-1,trades_round_0_day_-1.csv
249000,,,TOMATOES,XIRECS,4994.0,4,-1,trades_round_0_day_-1.csv
249800,,,TOMATOES,XIRECS,4991.0,2,-1,trades_round_0_day_-1.csv
250200,,,TOMATOES,XIRECS,4991.0,2,-1,trades_round_0_day_-1.csv
251800,,,TOMATOES,XIRECS,4991.0,2,-1,trades_round_0_day_-1.csv
252300,,,TOMATOES,XIRECS,4977.0,4,-1,trades_round_0_day_-1.csv
259000,,,TOMATOES,XIRECS,4982.0,3,-1,trades_round_0_day_-1.csv
261900,,,TOMATOES,XIRECS,4984.0,3,-1,trades_round_0_day_-1.csv
262900,,,EMERALDS,XIRECS,10008.0,8,-1,trades_round_0_day_-1.csv
267600,,,TOMATOES,XIRECS,4978.0,3,-1,trades_round_0_day_-1.csv
269100,,,TOMATOES,XIRECS,4993.0,2,-1,trades_round_0_day_-1.csv
269700,,,TOMATOES,XIRECS,4987.0,4,-1,trades_round_0_day_-1.csv
274300,,,TOMATOES,XIRECS,4983.0,2,-1,trades_round_0_day_-1.csv
276300,,,TOMATOES,XIRECS,4981.0,5,-1,trades_round_0_day_-1.csv
278600,,,TOMATOES,XIRECS,4982.0,4,-1,trades_round_0_day_-1.csv
280400,,,TOMATOES,XIRECS,4989.0,5,-1,trades_round_0_day_-1.csv
281700,,,TOMATOES,XIRECS,4977.0,4,-1,trades_round_0_day_-1.csv
282200,,,TOMATOES,XIRECS,4989.0,4,-1,trades_round_0_day_-1.csv
282500,,,TOMATOES,XIRECS,4990.0,5,-1,trades_round_0_day_-1.csv
282600,,,TOMATOES,XIRECS,4989.0,3,-1,trades_round_0_day_-1.csv
285700,,,EMERALDS,XIRECS,9992.0,6,-1,trades_round_0_day_-1.csv
286800,,,TOMATOES,XIRECS,4989.0,2,-1,trades_round_0_day_-1.csv
288700,,,TOMATOES,XIRECS,4993.0,2,-1,trades_round_0_day_-1.csv
290400,,,TOMATOES,XIRECS,4990.0,3,-1,trades_round_0_day_-1.csv
291700,,,TOMATOES,XIRECS,4978.0,5,-1,trades_round_0_day_-1.csv
294500,,,EMERALDS,XIRECS,10008.0,4,-1,trades_round_0_day_-1.csv
296100,,,TOMATOES,XIRECS,4979.0,5,-1,trades_round_0_day_-1.csv
296700,,,TOMATOES,XIRECS,4994.0,5,-1,trades_round_0_day_-1.csv
297400,,,EMERALDS,XIRECS,9992.0,7,-1,trades_round_0_day_-1.csv
298900,,,EMERALDS,XIRECS,9992.0,7,-1,trades_round_0_day_-1.csv
300000,,,EMERALDS,XIRECS,10008.0,5,-1,trades_round_0_day_-1.csv
300100,,,TOMATOES,XIRECS,4994.0,2,-1,trades_round_0_day_-1.csv
301000,,,TOMATOES,XIRECS,4992.0,4,-1,trades_round_0_day_-1.csv
305700,,,TOMATOES,XIRECS,4990.0,4,-1,trades_round_0_day_-1.csv
307900,,,TOMATOES,XIRECS,4974.0,2,-1,trades_round_0_day_-1.csv
308200,,,TOMATOES,XIRECS,4973.0,3,-1,trades_round_0_day_-1.csv
309300,,,EMERALDS,XIRECS,10008.0,4,-1,trades_round_0_day_-1.csv
312600,,,TOMATOES,XIRECS,4976.0,3,-1,trades_round_0_day_-1.csv
314200,,,TOMATOES,XIRECS,4988.0,3,-1,trades_round_0_day_-1.csv
314400,,,EMERALDS,XIRECS,9992.0,8,-1,trades_round_0_day_-1.csv
315900,,,EMERALDS,XIRECS,9992.0,8,-1,trades_round_0_day_-1.csv
316000,,,TOMATOES,XIRECS,4973.0,3,-1,trades_round_0_day_-1.csv
316400,,,TOMATOES,XIRECS,4974.0,3,-1,trades_round_0_day_-1.csv
318400,,,TOMATOES,XIRECS,4991.0,4,-1,trades_round_0_day_-1.csv
323700,,,TOMATOES,XIRECS,4991.0,5,-1,trades_round_0_day_-1.csv
325600,,,TOMATOES,XIRECS,4978.0,2,-1,trades_round_0_day_-1.csv
326400,,,TOMATOES,XIRECS,4993.0,3,-1,trades_round_0_day_-1.csv
326800,,,TOMATOES,XIRECS,4979.0,3,-1,trades_round_0_day_-1.csv
326900,,,TOMATOES,XIRECS,4993.0,2,-1,trades_round_0_day_-1.csv
327400,,,EMERALDS,XIRECS,9992.0,4,-1,trades_round_0_day_-1.csv
328200,,,TOMATOES,XIRECS,4994.0,2,-1,trades_round_0_day_-1.csv
328900,,,TOMATOES,XIRECS,4980.0,5,-1,trades_round_0_day_-1.csv
329400,,,TOMATOES,XIRECS,4980.0,5,-1,trades_round_0_day_-1.csv
330300,,,TOMATOES,XIRECS,4981.0,4,-1,trades_round_0_day_-1.csv
331300,,,TOMATOES,XIRECS,4993.0,5,-1,trades_round_0_day_-1.csv
331400,,,TOMATOES,XIRECS,4992.0,3,-1,trades_round_0_day_-1.csv
331600,,,TOMATOES,XIRECS,4991.0,4,-1,trades_round_0_day_-1.csv
333000,,,TOMATOES,XIRECS,4979.0,2,-1,trades_round_0_day_-1.csv
335500,,,EMERALDS,XIRECS,10000.0,3,-1,trades_round_0_day_-1.csv
336100,,,EMERALDS,XIRECS,10008.0,8,-1,trades_round_0_day_-1.csv
339400,,,TOMATOES,XIRECS,4994.0,3,-1,trades_round_0_day_-1.csv
343200,,,TOMATOES,XIRECS,4985.0,4,-1,trades_round_0_day_-1.csv
351500,,,TOMATOES,XIRECS,5000.0,5,-1,trades_round_0_day_-1.csv
353400,,,TOMATOES,XIRECS,5002.0,2,-1,trades_round_0_day_-1.csv
353600,,,TOMATOES,XIRECS,4996.0,2,-1,trades_round_0_day_-1.csv
356500,,,EMERALDS,XIRECS,10008.0,8,-1,trades_round_0_day_-1.csv
360100,,,EMERALDS,XIRECS,9992.0,5,-1,trades_round_0_day_-1.csv
360700,,,TOMATOES,XIRECS,5007.0,4,-1,trades_round_0_day_-1.csv
364000,,,TOMATOES,XIRECS,4990.0,3,-1,trades_round_0_day_-1.csv
366100,,,TOMATOES,XIRECS,4999.0,2,-1,trades_round_0_day_-1.csv
366200,,,TOMATOES,XIRECS,5007.0,4,-1,trades_round_0_day_-1.csv
368200,,,TOMATOES,XIRECS,5005.0,4,-1,trades_round_0_day_-1.csv
368300,,,TOMATOES,XIRECS,5004.0,4,-1,trades_round_0_day_-1.csv
368900,,,TOMATOES,XIRECS,4988.0,4,-1,trades_round_0_day_-1.csv
369300,,,EMERALDS,XIRECS,9992.0,4,-1,trades_round_0_day_-1.csv
370700,,,TOMATOES,XIRECS,4989.0,2,-1,trades_round_0_day_-1.csv
374500,,,TOMATOES,XIRECS,5000.0,2,-1,trades_round_0_day_-1.csv
375500,,,TOMATOES,XIRECS,5000.0,4,-1,trades_round_0_day_-1.csv
380300,,,TOMATOES,XIRECS,5000.0,3,-1,trades_round_0_day_-1.csv
383000,,,TOMATOES,XIRECS,4999.0,4,-1,trades_round_0_day_-1.csv
383600,,,EMERALDS,XIRECS,10008.0,5,-1,trades_round_0_day_-1.csv
384400,,,TOMATOES,XIRECS,4989.0,5,-1,trades_round_0_day_-1.csv
385100,,,EMERALDS,XIRECS,10008.0,5,-1,trades_round_0_day_-1.csv
385300,,,TOMATOES,XIRECS,4991.0,4,-1,trades_round_0_day_-1.csv
388600,,,TOMATOES,XIRECS,4990.0,2,-1,trades_round_0_day_-1.csv
388900,,,TOMATOES,XIRECS,4996.0,5,-1,trades_round_0_day_-1.csv
390000,,,TOMATOES,XIRECS,5005.0,5,-1,trades_round_0_day_-1.csv
390100,,,TOMATOES,XIRECS,5006.0,5,-1,trades_round_0_day_-1.csv
390600,,,TOMATOES,XIRECS,5005.0,4,-1,trades_round_0_day_-1.csv
392300,,,EMERALDS,XIRECS,9992.0,5,-1,trades_round_0_day_-1.csv
392600,,,TOMATOES,XIRECS,5004.0,2,-1,trades_round_0_day_-1.csv
396700,,,EMERALDS,XIRECS,9992.0,4,-1,trades_round_0_day_-1.csv
398500,,,EMERALDS,XIRECS,10000.0,4,-1,trades_round_0_day_-1.csv
398600,,,TOMATOES,XIRECS,4986.0,2,-1,trades_round_0_day_-1.csv
400200,,,TOMATOES,XIRECS,4991.0,6,-1,trades_round_0_day_-1.csv
401400,,,TOMATOES,XIRECS,5000.0,3,-1,trades_round_0_day_-1.csv
402200,,,TOMATOES,XIRECS,4988.0,5,-1,trades_round_0_day_-1.csv
403300,,,EMERALDS,XIRECS,9992.0,6,-1,trades_round_0_day_-1.csv
404900,,,TOMATOES,XIRECS,4998.0,5,-1,trades_round_0_day_-1.csv
405200,,,TOMATOES,XIRECS,4983.0,5,-1,trades_round_0_day_-1.csv
407000,,,TOMATOES,XIRECS,4983.0,3,-1,trades_round_0_day_-1.csv
408400,,,TOMATOES,XIRECS,4983.0,4,-1,trades_round_0_day_-1.csv
408700,,,TOMATOES,XIRECS,4983.0,3,-1,trades_round_0_day_-1.csv
410300,,,TOMATOES,XIRECS,4981.0,3,-1,trades_round_0_day_-1.csv
412400,,,EMERALDS,XIRECS,9992.0,5,-1,trades_round_0_day_-1.csv
413800,,,TOMATOES,XIRECS,4982.0,5,-1,trades_round_0_day_-1.csv
414500,,,TOMATOES,XIRECS,4981.0,4,-1,trades_round_0_day_-1.csv
414600,,,TOMATOES,XIRECS,4980.0,2,-1,trades_round_0_day_-1.csv
415000,,,TOMATOES,XIRECS,4994.0,3,-1,trades_round_0_day_-1.csv
415300,,,TOMATOES,XIRECS,4982.0,5,-1,trades_round_0_day_-1.csv
415900,,,EMERALDS,XIRECS,10000.0,6,-1,trades_round_0_day_-1.csv
416000,,,EMERALDS,XIRECS,9992.0,7,-1,trades_round_0_day_-1.csv
416200,,,TOMATOES,XIRECS,4980.0,4,-1,trades_round_0_day_-1.csv
416500,,,EMERALDS,XIRECS,10008.0,5,-1,trades_round_0_day_-1.csv
417600,,,TOMATOES,XIRECS,4993.0,2,-1,trades_round_0_day_-1.csv
417700,,,TOMATOES,XIRECS,4993.0,2,-1,trades_round_0_day_-1.csv
418000,,,EMERALDS,XIRECS,9992.0,4,-1,trades_round_0_day_-1.csv
420000,,,TOMATOES,XIRECS,4996.0,4,-1,trades_round_0_day_-1.csv
421600,,,TOMATOES,XIRECS,4997.0,5,-1,trades_round_0_day_-1.csv
422000,,,TOMATOES,XIRECS,4998.0,5,-1,trades_round_0_day_-1.csv
422800,,,TOMATOES,XIRECS,4981.0,2,-1,trades_round_0_day_-1.csv
424700,,,EMERALDS,XIRECS,10008.0,6,-1,trades_round_0_day_-1.csv
426700,,,EMERALDS,XIRECS,9992.0,5,-1,trades_round_0_day_-1.csv
427100,,,TOMATOES,XIRECS,4985.0,3,-1,trades_round_0_day_-1.csv
431400,,,TOMATOES,XIRECS,4987.0,5,-1,trades_round_0_day_-1.csv
434400,,,EMERALDS,XIRECS,9992.0,8,-1,trades_round_0_day_-1.csv
438400,,,TOMATOES,XIRECS,5001.0,5,-1,trades_round_0_day_-1.csv
439100,,,EMERALDS,XIRECS,10008.0,5,-1,trades_round_0_day_-1.csv
439400,,,EMERALDS,XIRECS,9992.0,7,-1,trades_round_0_day_-1.csv
440400,,,TOMATOES,XIRECS,5000.0,4,-1,trades_round_0_day_-1.csv
442600,,,EMERALDS,XIRECS,9992.0,6,-1,trades_round_0_day_-1.csv
443900,,,TOMATOES,XIRECS,5003.0,4,-1,trades_round_0_day_-1.csv
446900,,,TOMATOES,XIRECS,4993.0,3,-1,trades_round_0_day_-1.csv
447400,,,EMERALDS,XIRECS,10000.0,4,-1,trades_round_0_day_-1.csv
447600,,,TOMATOES,XIRECS,5005.0,4,-1,trades_round_0_day_-1.csv
450300,,,EMERALDS,XIRECS,10008.0,6,-1,trades_round_0_day_-1.csv
450700,,,TOMATOES,XIRECS,5007.0,4,-1,trades_round_0_day_-1.csv
453700,,,EMERALDS,XIRECS,10008.0,5,-1,trades_round_0_day_-1.csv
453800,,,EMERALDS,XIRECS,9992.0,5,-1,trades_round_0_day_-1.csv
453900,,,TOMATOES,XIRECS,4997.0,3,-1,trades_round_0_day_-1.csv
454000,,,TOMATOES,XIRECS,4997.0,4,-1,trades_round_0_day_-1.csv
455400,,,EMERALDS,XIRECS,10008.0,6,-1,trades_round_0_day_-1.csv
456500,,,TOMATOES,XIRECS,4994.0,2,-1,trades_round_0_day_-1.csv
457400,,,TOMATOES,XIRECS,4996.0,5,-1,trades_round_0_day_-1.csv
457700,,,TOMATOES,XIRECS,5009.0,4,-1,trades_round_0_day_-1.csv
458200,,,EMERALDS,XIRECS,9992.0,6,-1,trades_round_0_day_-1.csv
459800,,,EMERALDS,XIRECS,10008.0,4,-1,trades_round_0_day_-1.csv
460700,,,EMERALDS,XIRECS,9992.0,7,-1,trades_round_0_day_-1.csv
463900,,,EMERALDS,XIRECS,10008.0,8,-1,trades_round_0_day_-1.csv
465000,,,TOMATOES,XIRECS,5002.0,5,-1,trades_round_0_day_-1.csv
467200,,,EMERALDS,XIRECS,9992.0,6,-1,trades_round_0_day_-1.csv
471900,,,EMERALDS,XIRECS,9992.0,7,-1,trades_round_0_day_-1.csv
472800,,,EMERALDS,XIRECS,10008.0,7,-1,trades_round_0_day_-1.csv
479200,,,EMERALDS,XIRECS,10008.0,3,-1,trades_round_0_day_-1.csv
479600,,,EMERALDS,XIRECS,10008.0,7,-1,trades_round_0_day_-1.csv
481500,,,TOMATOES,XIRECS,4992.0,2,-1,trades_round_0_day_-1.csv
483900,,,EMERALDS,XIRECS,10008.0,6,-1,trades_round_0_day_-1.csv
484200,,,EMERALDS,XIRECS,10008.0,5,-1,trades_round_0_day_-1.csv
487200,,,TOMATOES,XIRECS,4976.0,5,-1,trades_round_0_day_-1.csv
490300,,,TOMATOES,XIRECS,4972.0,4,-1,trades_round_0_day_-1.csv
493100,,,TOMATOES,XIRECS,4973.0,3,-1,trades_round_0_day_-1.csv
493900,,,EMERALDS,XIRECS,9992.0,6,-1,trades_round_0_day_-1.csv
495500,,,TOMATOES,XIRECS,4974.0,5,-1,trades_round_0_day_-1.csv
495700,,,TOMATOES,XIRECS,4978.0,4,-1,trades_round_0_day_-1.csv
498300,,,TOMATOES,XIRECS,4972.0,4,-1,trades_round_0_day_-1.csv
498400,,,TOMATOES,XIRECS,4986.0,5,-1,trades_round_0_day_-1.csv
500100,,,TOMATOES,XIRECS,4971.0,3,-1,trades_round_0_day_-1.csv
501700,,,TOMATOES,XIRECS,4970.0,4,-1,trades_round_0_day_-1.csv
501900,,,TOMATOES,XIRECS,4970.0,2,-1,trades_round_0_day_-1.csv
506500,,,EMERALDS,XIRECS,10008.0,6,-1,trades_round_0_day_-1.csv
508700,,,TOMATOES,XIRECS,4969.0,5,-1,trades_round_0_day_-1.csv
509300,,,TOMATOES,XIRECS,4982.0,2,-1,trades_round_0_day_-1.csv
509600,,,EMERALDS,XIRECS,9992.0,3,-1,trades_round_0_day_-1.csv
512300,,,EMERALDS,XIRECS,9992.0,7,-1,trades_round_0_day_-1.csv
513500,,,EMERALDS,XIRECS,9992.0,7,-1,trades_round_0_day_-1.csv
516200,,,TOMATOES,XIRECS,4965.0,4,-1,trades_round_0_day_-1.csv
516500,,,EMERALDS,XIRECS,10008.0,6,-1,trades_round_0_day_-1.csv
520100,,,TOMATOES,XIRECS,4981.0,3,-1,trades_round_0_day_-1.csv
520300,,,TOMATOES,XIRECS,4967.0,2,-1,trades_round_0_day_-1.csv
524900,,,EMERALDS,XIRECS,9992.0,5,-1,trades_round_0_day_-1.csv
525500,,,TOMATOES,XIRECS,4974.0,4,-1,trades_round_0_day_-1.csv
526400,,,TOMATOES,XIRECS,4987.0,2,-1,trades_round_0_day_-1.csv
532400,,,TOMATOES,XIRECS,4986.0,5,-1,trades_round_0_day_-1.csv
533600,,,EMERALDS,XIRECS,9992.0,7,-1,trades_round_0_day_-1.csv
534800,,,TOMATOES,XIRECS,4976.0,5,-1,trades_round_0_day_-1.csv
536100,,,TOMATOES,XIRECS,4975.0,4,-1,trades_round_0_day_-1.csv
536900,,,TOMATOES,XIRECS,4988.0,2,-1,trades_round_0_day_-1.csv
537800,,,TOMATOES,XIRECS,4975.0,5,-1,trades_round_0_day_-1.csv
538500,,,TOMATOES,XIRECS,4989.0,4,-1,trades_round_0_day_-1.csv
544100,,,TOMATOES,XIRECS,4970.0,3,-1,trades_round_0_day_-1.csv
546900,,,TOMATOES,XIRECS,4965.0,2,-1,trades_round_0_day_-1.csv
547600,,,TOMATOES,XIRECS,4978.0,3,-1,trades_round_0_day_-1.csv
548300,,,TOMATOES,XIRECS,4964.0,3,-1,trades_round_0_day_-1.csv
551300,,,TOMATOES,XIRECS,4962.0,5,-1,trades_round_0_day_-1.csv
552000,,,TOMATOES,XIRECS,4963.0,2,-1,trades_round_0_day_-1.csv
554200,,,TOMATOES,XIRECS,4979.0,5,-1,trades_round_0_day_-1.csv
555400,,,EMERALDS,XIRECS,10008.0,4,-1,trades_round_0_day_-1.csv
555500,,,EMERALDS,XIRECS,10008.0,4,-1,trades_round_0_day_-1.csv
558100,,,TOMATOES,XIRECS,4965.0,4,-1,trades_round_0_day_-1.csv
559100,,,TOMATOES,XIRECS,4979.0,2,-1,trades_round_0_day_-1.csv
559200,,,EMERALDS,XIRECS,10008.0,7,-1,trades_round_0_day_-1.csv
561800,,,TOMATOES,XIRECS,4967.0,3,-1,trades_round_0_day_-1.csv
562700,,,TOMATOES,XIRECS,4969.0,4,-1,trades_round_0_day_-1.csv
567700,,,EMERALDS,XIRECS,9992.0,5,-1,trades_round_0_day_-1.csv
568900,,,EMERALDS,XIRECS,9992.0,5,-1,trades_round_0_day_-1.csv
572200,,,EMERALDS,XIRECS,10008.0,4,-1,trades_round_0_day_-1.csv
575500,,,TOMATOES,XIRECS,4966.0,5,-1,trades_round_0_day_-1.csv
575900,,,EMERALDS,XIRECS,10008.0,4,-1,trades_round_0_day_-1.csv
575900,,,TOMATOES,XIRECS,4967.0,5,-1,trades_round_0_day_-1.csv
576200,,,TOMATOES,XIRECS,4966.0,3,-1,trades_round_0_day_-1.csv
576500,,,TOMATOES,XIRECS,4967.0,2,-1,trades_round_0_day_-1.csv
577000,,,EMERALDS,XIRECS,9992.0,3,-1,trades_round_0_day_-1.csv
578200,,,EMERALDS,XIRECS,10008.0,3,-1,trades_round_0_day_-1.csv
579400,,,TOMATOES,XIRECS,4981.0,2,-1,trades_round_0_day_-1.csv
579500,,,EMERALDS,XIRECS,9992.0,5,-1,trades_round_0_day_-1.csv
583400,,,TOMATOES,XIRECS,4980.0,3,-1,trades_round_0_day_-1.csv
585600,,,EMERALDS,XIRECS,10008.0,4,-1,trades_round_0_day_-1.csv
586600,,,TOMATOES,XIRECS,4963.0,5,-1,trades_round_0_day_-1.csv
587300,,,TOMATOES,XIRECS,4961.0,2,-1,trades_round_0_day_-1.csv
591700,,,TOMATOES,XIRECS,4980.0,5,-1,trades_round_0_day_-1.csv
593900,,,TOMATOES,XIRECS,4964.0,3,-1,trades_round_0_day_-1.csv
595100,,,TOMATOES,XIRECS,4977.0,5,-1,trades_round_0_day_-1.csv
595600,,,TOMATOES,XIRECS,4977.0,3,-1,trades_round_0_day_-1.csv
597400,,,EMERALDS,XIRECS,10008.0,8,-1,trades_round_0_day_-1.csv
598500,,,EMERALDS,XIRECS,9992.0,3,-1,trades_round_0_day_-1.csv
600000,,,TOMATOES,XIRECS,4964.0,5,-1,trades_round_0_day_-1.csv
601100,,,TOMATOES,XIRECS,4977.0,3,-1,trades_round_0_day_-1.csv
601500,,,EMERALDS,XIRECS,10008.0,5,-1,trades_round_0_day_-1.csv
602900,,,TOMATOES,XIRECS,4967.0,5,-1,trades_round_0_day_-1.csv
604600,,,TOMATOES,XIRECS,4980.0,4,-1,trades_round_0_day_-1.csv
604800,,,TOMATOES,XIRECS,4966.0,4,-1,trades_round_0_day_-1.csv
608100,,,TOMATOES,XIRECS,4979.0,4,-1,trades_round_0_day_-1.csv
609700,,,EMERALDS,XIRECS,9992.0,6,-1,trades_round_0_day_-1.csv
610700,,,EMERALDS,XIRECS,10008.0,7,-1,trades_round_0_day_-1.csv
611600,,,TOMATOES,XIRECS,4978.0,4,-1,trades_round_0_day_-1.csv
613800,,,TOMATOES,XIRECS,4969.0,2,-1,trades_round_0_day_-1.csv
615400,,,TOMATOES,XIRECS,4966.0,5,-1,trades_round_0_day_-1.csv
617500,,,TOMATOES,XIRECS,4966.0,4,-1,trades_round_0_day_-1.csv
618400,,,TOMATOES,XIRECS,4967.0,3,-1,trades_round_0_day_-1.csv
618900,,,TOMATOES,XIRECS,4979.0,2,-1,trades_round_0_day_-1.csv
619800,,,TOMATOES,XIRECS,4968.0,4,-1,trades_round_0_day_-1.csv
620900,,,TOMATOES,XIRECS,4968.0,2,-1,trades_round_0_day_-1.csv
625500,,,TOMATOES,XIRECS,4980.0,2,-1,trades_round_0_day_-1.csv
626600,,,TOMATOES,XIRECS,4965.0,2,-1,trades_round_0_day_-1.csv
627300,,,TOMATOES,XIRECS,4979.0,2,-1,trades_round_0_day_-1.csv
629300,,,TOMATOES,XIRECS,4979.0,4,-1,trades_round_0_day_-1.csv
629400,,,TOMATOES,XIRECS,4979.0,3,-1,trades_round_0_day_-1.csv
629500,,,EMERALDS,XIRECS,10008.0,8,-1,trades_round_0_day_-1.csv
630500,,,TOMATOES,XIRECS,4967.0,3,-1,trades_round_0_day_-1.csv
631100,,,EMERALDS,XIRECS,9992.0,6,-1,trades_round_0_day_-1.csv
631600,,,EMERALDS,XIRECS,9992.0,4,-1,trades_round_0_day_-1.csv
632500,,,EMERALDS,XIRECS,10008.0,3,-1,trades_round_0_day_-1.csv
632700,,,TOMATOES,XIRECS,4977.0,3,-1,trades_round_0_day_-1.csv
635200,,,TOMATOES,XIRECS,4958.0,5,-1,trades_round_0_day_-1.csv
635600,,,EMERALDS,XIRECS,9992.0,4,-1,trades_round_0_day_-1.csv
636500,,,TOMATOES,XIRECS,4958.0,3,-1,trades_round_0_day_-1.csv
642300,,,EMERALDS,XIRECS,9992.0,3,-1,trades_round_0_day_-1.csv
643400,,,EMERALDS,XIRECS,10000.0,6,-1,trades_round_0_day_-1.csv
643700,,,TOMATOES,XIRECS,4969.0,2,-1,trades_round_0_day_-1.csv
644600,,,TOMATOES,XIRECS,4970.0,4,-1,trades_round_0_day_-1.csv
646200,,,EMERALDS,XIRECS,10008.0,8,-1,trades_round_0_day_-1.csv
648600,,,TOMATOES,XIRECS,4973.0,2,-1,trades_round_0_day_-1.csv
650800,,,EMERALDS,XIRECS,9992.0,6,-1,trades_round_0_day_-1.csv
653400,,,TOMATOES,XIRECS,4980.0,3,-1,trades_round_0_day_-1.csv
655000,,,TOMATOES,XIRECS,4975.0,4,-1,trades_round_0_day_-1.csv
655500,,,TOMATOES,XIRECS,4973.0,5,-1,trades_round_0_day_-1.csv
657600,,,TOMATOES,XIRECS,4961.0,5,-1,trades_round_0_day_-1.csv
659700,,,TOMATOES,XIRECS,4960.0,2,-1,trades_round_0_day_-1.csv
662200,,,EMERALDS,XIRECS,9992.0,8,-1,trades_round_0_day_-1.csv
662700,,,EMERALDS,XIRECS,10008.0,6,-1,trades_round_0_day_-1.csv
664100,,,EMERALDS,XIRECS,10008.0,6,-1,trades_round_0_day_-1.csv
664800,,,TOMATOES,XIRECS,4964.0,3,-1,trades_round_0_day_-1.csv
665500,,,TOMATOES,XIRECS,4974.0,3,-1,trades_round_0_day_-1.csv
667000,,,EMERALDS,XIRECS,9992.0,4,-1,trades_round_0_day_-1.csv
667200,,,TOMATOES,XIRECS,4974.0,4,-1,trades_round_0_day_-1.csv
669400,,,TOMATOES,XIRECS,4975.0,2,-1,trades_round_0_day_-1.csv
672000,,,EMERALDS,XIRECS,10008.0,7,-1,trades_round_0_day_-1.csv
673600,,,TOMATOES,XIRECS,4959.0,4,-1,trades_round_0_day_-1.csv
674600,,,EMERALDS,XIRECS,9992.0,5,-1,trades_round_0_day_-1.csv
674700,,,TOMATOES,XIRECS,4959.0,3,-1,trades_round_0_day_-1.csv
680100,,,EMERALDS,XIRECS,9992.0,8,-1,trades_round_0_day_-1.csv
681100,,,EMERALDS,XIRECS,9992.0,8,-1,trades_round_0_day_-1.csv
681400,,,EMERALDS,XIRECS,9992.0,5,-1,trades_round_0_day_-1.csv
682700,,,TOMATOES,XIRECS,4971.0,2,-1,trades_round_0_day_-1.csv
686600,,,TOMATOES,XIRECS,4960.0,4,-1,trades_round_0_day_-1.csv
687200,,,TOMATOES,XIRECS,4958.0,2,-1,trades_round_0_day_-1.csv
690700,,,TOMATOES,XIRECS,4967.0,2,-1,trades_round_0_day_-1.csv
690800,,,EMERALDS,XIRECS,9992.0,3,-1,trades_round_0_day_-1.csv
697100,,,TOMATOES,XIRECS,4955.0,5,-1,trades_round_0_day_-1.csv
699400,,,EMERALDS,XIRECS,10008.0,6,-1,trades_round_0_day_-1.csv
705800,,,EMERALDS,XIRECS,10008.0,3,-1,trades_round_0_day_-1.csv
706000,,,TOMATOES,XIRECS,4950.0,4,-1,trades_round_0_day_-1.csv
708700,,,TOMATOES,XIRECS,4948.0,5,-1,trades_round_0_day_-1.csv
709800,,,TOMATOES,XIRECS,4948.0,3,-1,trades_round_0_day_-1.csv
710900,,,EMERALDS,XIRECS,9992.0,6,-1,trades_round_0_day_-1.csv
712800,,,TOMATOES,XIRECS,4948.0,4,-1,trades_round_0_day_-1.csv
713600,,,EMERALDS,XIRECS,10008.0,3,-1,trades_round_0_day_-1.csv
714900,,,TOMATOES,XIRECS,4960.0,5,-1,trades_round_0_day_-1.csv
715500,,,TOMATOES,XIRECS,4960.0,2,-1,trades_round_0_day_-1.csv
718300,,,TOMATOES,XIRECS,4947.0,2,-1,trades_round_0_day_-1.csv
718500,,,TOMATOES,XIRECS,4946.0,3,-1,trades_round_0_day_-1.csv
719500,,,TOMATOES,XIRECS,4959.0,3,-1,trades_round_0_day_-1.csv
720800,,,TOMATOES,XIRECS,4945.0,2,-1,trades_round_0_day_-1.csv
721100,,,TOMATOES,XIRECS,4946.0,3,-1,trades_round_0_day_-1.csv
722000,,,TOMATOES,XIRECS,4958.0,2,-1,trades_round_0_day_-1.csv
722200,,,EMERALDS,XIRECS,10008.0,4,-1,trades_round_0_day_-1.csv
722400,,,TOMATOES,XIRECS,4959.0,4,-1,trades_round_0_day_-1.csv
724900,,,TOMATOES,XIRECS,4958.0,5,-1,trades_round_0_day_-1.csv
726500,,,TOMATOES,XIRECS,4947.0,3,-1,trades_round_0_day_-1.csv
727400,,,EMERALDS,XIRECS,10008.0,5,-1,trades_round_0_day_-1.csv
732600,,,EMERALDS,XIRECS,10008.0,7,-1,trades_round_0_day_-1.csv
733000,,,TOMATOES,XIRECS,4943.0,3,-1,trades_round_0_day_-1.csv
733900,,,TOMATOES,XIRECS,4945.0,5,-1,trades_round_0_day_-1.csv
734000,,,TOMATOES,XIRECS,4944.0,2,-1,trades_round_0_day_-1.csv
735100,,,TOMATOES,XIRECS,4945.0,4,-1,trades_round_0_day_-1.csv
735900,,,TOMATOES,XIRECS,4961.0,4,-1,trades_round_0_day_-1.csv
736200,,,TOMATOES,XIRECS,4947.0,2,-1,trades_round_0_day_-1.csv
738100,,,EMERALDS,XIRECS,10000.0,5,-1,trades_round_0_day_-1.csv
738700,,,EMERALDS,XIRECS,10008.0,5,-1,trades_round_0_day_-1.csv
741500,,,TOMATOES,XIRECS,4968.0,4,-1,trades_round_0_day_-1.csv
744500,,,EMERALDS,XIRECS,9992.0,4,-1,trades_round_0_day_-1.csv
747700,,,TOMATOES,XIRECS,4955.0,3,-1,trades_round_0_day_-1.csv
748500,,,TOMATOES,XIRECS,4967.0,5,-1,trades_round_0_day_-1.csv
748600,,,EMERALDS,XIRECS,10008.0,6,-1,trades_round_0_day_-1.csv
750100,,,TOMATOES,XIRECS,4966.0,3,-1,trades_round_0_day_-1.csv
750500,,,TOMATOES,XIRECS,4953.0,3,-1,trades_round_0_day_-1.csv
751800,,,EMERALDS,XIRECS,10008.0,3,-1,trades_round_0_day_-1.csv
751800,,,TOMATOES,XIRECS,4970.0,4,-1,trades_round_0_day_-1.csv
752200,,,TOMATOES,XIRECS,4970.0,3,-1,trades_round_0_day_-1.csv
753700,,,EMERALDS,XIRECS,10008.0,3,-1,trades_round_0_day_-1.csv
756500,,,EMERALDS,XIRECS,10008.0,5,-1,trades_round_0_day_-1.csv
757300,,,EMERALDS,XIRECS,10008.0,6,-1,trades_round_0_day_-1.csv
757900,,,TOMATOES,XIRECS,4976.0,2,-1,trades_round_0_day_-1.csv
758600,,,TOMATOES,XIRECS,4962.0,2,-1,trades_round_0_day_-1.csv
759900,,,EMERALDS,XIRECS,9992.0,4,-1,trades_round_0_day_-1.csv
760100,,,EMERALDS,XIRECS,10008.0,8,-1,trades_round_0_day_-1.csv
762200,,,TOMATOES,XIRECS,4964.0,5,-1,trades_round_0_day_-1.csv
762400,,,EMERALDS,XIRECS,10008.0,7,-1,trades_round_0_day_-1.csv
762500,,,TOMATOES,XIRECS,4976.0,4,-1,trades_round_0_day_-1.csv
764200,,,EMERALDS,XIRECS,10008.0,8,-1,trades_round_0_day_-1.csv
767200,,,TOMATOES,XIRECS,4969.0,3,-1,trades_round_0_day_-1.csv
768100,,,TOMATOES,XIRECS,4956.0,3,-1,trades_round_0_day_-1.csv
768500,,,TOMATOES,XIRECS,4968.0,2,-1,trades_round_0_day_-1.csv
768800,,,TOMATOES,XIRECS,4953.0,4,-1,trades_round_0_day_-1.csv
774400,,,TOMATOES,XIRECS,4968.0,3,-1,trades_round_0_day_-1.csv
778700,,,TOMATOES,XIRECS,4966.0,2,-1,trades_round_0_day_-1.csv
779100,,,TOMATOES,XIRECS,4964.0,4,-1,trades_round_0_day_-1.csv
780500,,,TOMATOES,XIRECS,4966.0,3,-1,trades_round_0_day_-1.csv
781400,,,EMERALDS,XIRECS,9992.0,6,-1,trades_round_0_day_-1.csv
782800,,,TOMATOES,XIRECS,4953.0,3,-1,trades_round_0_day_-1.csv
785400,,,TOMATOES,XIRECS,4963.0,2,-1,trades_round_0_day_-1.csv
785800,,,EMERALDS,XIRECS,9992.0,6,-1,trades_round_0_day_-1.csv
789300,,,TOMATOES,XIRECS,4967.0,5,-1,trades_round_0_day_-1.csv
791600,,,TOMATOES,XIRECS,4949.0,3,-1,trades_round_0_day_-1.csv
792000,,,TOMATOES,XIRECS,4949.0,3,-1,trades_round_0_day_-1.csv
792200,,,EMERALDS,XIRECS,9992.0,4,-1,trades_round_0_day_-1.csv
792400,,,TOMATOES,XIRECS,4950.0,5,-1,trades_round_0_day_-1.csv
792800,,,TOMATOES,XIRECS,4964.0,3,-1,trades_round_0_day_-1.csv
795800,,,TOMATOES,XIRECS,4951.0,4,-1,trades_round_0_day_-1.csv
798200,,,TOMATOES,XIRECS,4954.0,5,-1,trades_round_0_day_-1.csv
800600,,,EMERALDS,XIRECS,10008.0,5,-1,trades_round_0_day_-1.csv
803500,,,TOMATOES,XIRECS,4967.0,4,-1,trades_round_0_day_-1.csv
804100,,,TOMATOES,XIRECS,4962.0,5,-1,trades_round_0_day_-1.csv
805400,,,TOMATOES,XIRECS,4954.0,5,-1,trades_round_0_day_-1.csv
807500,,,TOMATOES,XIRECS,4957.0,4,-1,trades_round_0_day_-1.csv
809700,,,TOMATOES,XIRECS,4958.0,4,-1,trades_round_0_day_-1.csv
809800,,,TOMATOES,XIRECS,4972.0,3,-1,trades_round_0_day_-1.csv
810900,,,EMERALDS,XIRECS,9992.0,8,-1,trades_round_0_day_-1.csv
815200,,,EMERALDS,XIRECS,9992.0,3,-1,trades_round_0_day_-1.csv
816000,,,TOMATOES,XIRECS,4974.0,2,-1,trades_round_0_day_-1.csv
816300,,,TOMATOES,XIRECS,4975.0,2,-1,trades_round_0_day_-1.csv
816400,,,TOMATOES,XIRECS,4976.0,3,-1,trades_round_0_day_-1.csv
816600,,,TOMATOES,XIRECS,4975.0,2,-1,trades_round_0_day_-1.csv
817300,,,EMERALDS,XIRECS,9992.0,6,-1,trades_round_0_day_-1.csv
817900,,,TOMATOES,XIRECS,4959.0,3,-1,trades_round_0_day_-1.csv
818400,,,TOMATOES,XIRECS,4957.0,2,-1,trades_round_0_day_-1.csv
822000,,,EMERALDS,XIRECS,9992.0,3,-1,trades_round_0_day_-1.csv
826000,,,TOMATOES,XIRECS,4967.0,2,-1,trades_round_0_day_-1.csv
827400,,,TOMATOES,XIRECS,4968.0,2,-1,trades_round_0_day_-1.csv
828100,,,EMERALDS,XIRECS,10008.0,7,-1,trades_round_0_day_-1.csv
829700,,,TOMATOES,XIRECS,4969.0,2,-1,trades_round_0_day_-1.csv
830800,,,TOMATOES,XIRECS,4952.0,2,-1,trades_round_0_day_-1.csv
830900,,,TOMATOES,XIRECS,4952.0,4,-1,trades_round_0_day_-1.csv
831900,,,TOMATOES,XIRECS,4952.0,5,-1,trades_round_0_day_-1.csv
832300,,,EMERALDS,XIRECS,10008.0,3,-1,trades_round_0_day_-1.csv
832400,,,TOMATOES,XIRECS,4952.0,3,-1,trades_round_0_day_-1.csv
834800,,,EMERALDS,XIRECS,9992.0,7,-1,trades_round_0_day_-1.csv
840800,,,TOMATOES,XIRECS,4967.0,2,-1,trades_round_0_day_-1.csv
842700,,,EMERALDS,XIRECS,10008.0,6,-1,trades_round_0_day_-1.csv
846500,,,TOMATOES,XIRECS,4954.0,2,-1,trades_round_0_day_-1.csv
847600,,,TOMATOES,XIRECS,4957.0,5,-1,trades_round_0_day_-1.csv
848100,,,EMERALDS,XIRECS,10008.0,8,-1,trades_round_0_day_-1.csv
848400,,,TOMATOES,XIRECS,4967.0,3,-1,trades_round_0_day_-1.csv
850100,,,EMERALDS,XIRECS,9992.0,5,-1,trades_round_0_day_-1.csv
854500,,,TOMATOES,XIRECS,4964.0,3,-1,trades_round_0_day_-1.csv
858300,,,TOMATOES,XIRECS,4951.0,5,-1,trades_round_0_day_-1.csv
858700,,,TOMATOES,XIRECS,4948.0,4,-1,trades_round_0_day_-1.csv
861100,,,TOMATOES,XIRECS,4961.0,2,-1,trades_round_0_day_-1.csv
862500,,,TOMATOES,XIRECS,4963.0,5,-1,trades_round_0_day_-1.csv
862700,,,EMERALDS,XIRECS,10008.0,6,-1,trades_round_0_day_-1.csv
863700,,,EMERALDS,XIRECS,9992.0,6,-1,trades_round_0_day_-1.csv
864500,,,EMERALDS,XIRECS,9992.0,7,-1,trades_round_0_day_-1.csv
864600,,,EMERALDS,XIRECS,10008.0,5,-1,trades_round_0_day_-1.csv
865700,,,TOMATOES,XIRECS,4967.0,5,-1,trades_round_0_day_-1.csv
866200,,,TOMATOES,XIRECS,4953.0,2,-1,trades_round_0_day_-1.csv
868100,,,TOMATOES,XIRECS,4964.0,4,-1,trades_round_0_day_-1.csv
869800,,,TOMATOES,XIRECS,4949.0,3,-1,trades_round_0_day_-1.csv
870700,,,EMERALDS,XIRECS,10008.0,5,-1,trades_round_0_day_-1.csv
874400,,,TOMATOES,XIRECS,4951.0,3,-1,trades_round_0_day_-1.csv
875500,,,TOMATOES,XIRECS,4955.0,5,-1,trades_round_0_day_-1.csv
875800,,,EMERALDS,XIRECS,10008.0,6,-1,trades_round_0_day_-1.csv
877100,,,TOMATOES,XIRECS,4957.0,4,-1,trades_round_0_day_-1.csv
881200,,,EMERALDS,XIRECS,9992.0,8,-1,trades_round_0_day_-1.csv
881400,,,EMERALDS,XIRECS,9992.0,7,-1,trades_round_0_day_-1.csv
883400,,,EMERALDS,XIRECS,10008.0,5,-1,trades_round_0_day_-1.csv
885900,,,EMERALDS,XIRECS,9992.0,4,-1,trades_round_0_day_-1.csv
885900,,,TOMATOES,XIRECS,4977.0,4,-1,trades_round_0_day_-1.csv
886500,,,TOMATOES,XIRECS,4980.0,3,-1,trades_round_0_day_-1.csv
886900,,,TOMATOES,XIRECS,4968.0,4,-1,trades_round_0_day_-1.csv
890500,,,TOMATOES,XIRECS,4971.0,4,-1,trades_round_0_day_-1.csv
893100,,,TOMATOES,XIRECS,4963.0,2,-1,trades_round_0_day_-1.csv
894400,,,EMERALDS,XIRECS,10008.0,4,-1,trades_round_0_day_-1.csv
899100,,,TOMATOES,XIRECS,4959.0,3,-1,trades_round_0_day_-1.csv
900100,,,TOMATOES,XIRECS,4972.0,4,-1,trades_round_0_day_-1.csv
900200,,,EMERALDS,XIRECS,10008.0,8,-1,trades_round_0_day_-1.csv
900300,,,TOMATOES,XIRECS,4958.0,2,-1,trades_round_0_day_-1.csv
900900,,,TOMATOES,XIRECS,4955.0,3,-1,trades_round_0_day_-1.csv
904500,,,EMERALDS,XIRECS,9992.0,3,-1,trades_round_0_day_-1.csv
905000,,,EMERALDS,XIRECS,10008.0,7,-1,trades_round_0_day_-1.csv
905600,,,EMERALDS,XIRECS,10008.0,5,-1,trades_round_0_day_-1.csv
908200,,,TOMATOES,XIRECS,4962.0,4,-1,trades_round_0_day_-1.csv
909100,,,EMERALDS,XIRECS,9992.0,6,-1,trades_round_0_day_-1.csv
909200,,,TOMATOES,XIRECS,4977.0,2,-1,trades_round_0_day_-1.csv
909400,,,EMERALDS,XIRECS,9992.0,4,-1,trades_round_0_day_-1.csv
911100,,,TOMATOES,XIRECS,4977.0,3,-1,trades_round_0_day_-1.csv
911500,,,TOMATOES,XIRECS,4964.0,2,-1,trades_round_0_day_-1.csv
912500,,,TOMATOES,XIRECS,4976.0,4,-1,trades_round_0_day_-1.csv
913800,,,TOMATOES,XIRECS,4962.0,5,-1,trades_round_0_day_-1.csv
914300,,,TOMATOES,XIRECS,4974.0,2,-1,trades_round_0_day_-1.csv
915100,,,EMERALDS,XIRECS,9992.0,3,-1,trades_round_0_day_-1.csv
920000,,,TOMATOES,XIRECS,4957.0,4,-1,trades_round_0_day_-1.csv
924600,,,EMERALDS,XIRECS,10008.0,4,-1,trades_round_0_day_-1.csv
925200,,,TOMATOES,XIRECS,4968.0,3,-1,trades_round_0_day_-1.csv
925500,,,TOMATOES,XIRECS,4967.0,2,-1,trades_round_0_day_-1.csv
925800,,,TOMATOES,XIRECS,4954.0,2,-1,trades_round_0_day_-1.csv
926600,,,TOMATOES,XIRECS,4968.0,3,-1,trades_round_0_day_-1.csv
928700,,,EMERALDS,XIRECS,10008.0,5,-1,trades_round_0_day_-1.csv
929200,,,TOMATOES,XIRECS,4970.0,4,-1,trades_round_0_day_-1.csv
931900,,,EMERALDS,XIRECS,10008.0,3,-1,trades_round_0_day_-1.csv
933700,,,TOMATOES,XIRECS,4967.0,5,-1,trades_round_0_day_-1.csv
935000,,,TOMATOES,XIRECS,4968.0,2,-1,trades_round_0_day_-1.csv
938200,,,TOMATOES,XIRECS,4972.0,5,-1,trades_round_0_day_-1.csv
940100,,,EMERALDS,XIRECS,10008.0,4,-1,trades_round_0_day_-1.csv
940200,,,TOMATOES,XIRECS,4972.0,5,-1,trades_round_0_day_-1.csv
940300,,,TOMATOES,XIRECS,4959.0,2,-1,trades_round_0_day_-1.csv
940900,,,EMERALDS,XIRECS,9992.0,6,-1,trades_round_0_day_-1.csv
941400,,,EMERALDS,XIRECS,10008.0,7,-1,trades_round_0_day_-1.csv
948000,,,TOMATOES,XIRECS,4953.0,3,-1,trades_round_0_day_-1.csv
950400,,,TOMATOES,XIRECS,4966.0,3,-1,trades_round_0_day_-1.csv
951800,,,TOMATOES,XIRECS,4953.0,2,-1,trades_round_0_day_-1.csv
952000,,,EMERALDS,XIRECS,9992.0,6,-1,trades_round_0_day_-1.csv
954400,,,EMERALDS,XIRECS,10008.0,8,-1,trades_round_0_day_-1.csv
955600,,,EMERALDS,XIRECS,9992.0,3,-1,trades_round_0_day_-1.csv
957600,,,TOMATOES,XIRECS,4948.0,5,-1,trades_round_0_day_-1.csv
967400,,,TOMATOES,XIRECS,4964.0,5,-1,trades_round_0_day_-1.csv
968200,,,EMERALDS,XIRECS,10008.0,6,-1,trades_round_0_day_-1.csv
969600,,,EMERALDS,XIRECS,10008.0,6,-1,trades_round_0_day_-1.csv
969700,,,TOMATOES,XIRECS,4964.0,3,-1,trades_round_0_day_-1.csv
972900,,,EMERALDS,XIRECS,9992.0,5,-1,trades_round_0_day_-1.csv
973400,,,EMERALDS,XIRECS,10008.0,8,-1,trades_round_0_day_-1.csv
977900,,,TOMATOES,XIRECS,4952.0,5,-1,trades_round_0_day_-1.csv
979000,,,TOMATOES,XIRECS,4965.0,5,-1,trades_round_0_day_-1.csv
979200,,,EMERALDS,XIRECS,10008.0,6,-1,trades_round_0_day_-1.csv
982500,,,TOMATOES,XIRECS,4950.0,3,-1,trades_round_0_day_-1.csv
982900,,,EMERALDS,XIRECS,10008.0,6,-1,trades_round_0_day_-1.csv
983800,,,EMERALDS,XIRECS,10008.0,3,-1,trades_round_0_day_-1.csv
985100,,,TOMATOES,XIRECS,4946.0,2,-1,trades_round_0_day_-1.csv
985600,,,EMERALDS,XIRECS,10008.0,6,-1,trades_round_0_day_-1.csv
993000,,,TOMATOES,XIRECS,4956.0,2,-1,trades_round_0_day_-1.csv
995600,,,TOMATOES,XIRECS,4958.0,3,-1,trades_round_0_day_-1.csv
